Node1,Node2,Index,Limit
1001,1064,1,221.0000038
1001,1064,2,221.0000038
1001,1071,1,221.0000038
1001,1071,2,221.0000038
1002,1007,1,98.00000191
1010,1002,1,98.00000191
1022,1003,1,221.0000038
1055,1003,1,98.00000191
1004,3133,1,523.0000019
1025,1005,1,149.000001
1005,1061,1,221.0000038
1067,1005,1,98.00000191
1007,1015,1,98.00000191
1031,1007,1,98.00000191
1008,1032,1,98.00000191
1008,1069,1,149.000001
1010,1015,1,98.00000191
1010,1030,1,98.00000191
1012,1087,1,149.000001
3051,1012,1,149.000001
1013,1031,1,98.00000191
1047,1013,1,221.0000038
1086,1013,1,98.00000191
1014,1047,1,149.000001
1014,1083,1,149.000001
1016,1034,1,98.00000191
1068,1016,1,98.00000191
1018,1017,1,98.00000191
1017,1029,1,149.000001
1037,1017,1,221.0000038
1047,1017,1,150
1024,1018,1,98.00000191
1019,1040,1,149.000001
1019,1045,1,221.0000038
1019,1071,1,225
1071,1019,2,225
1019,1084,1,220.0000048
1025,1020,1,149.000001
1084,1020,1,221.0000038
1020,3059,1,300
1020,3130,1,221.0000038
1022,1028,1,221.0000038
1022,1028,2,221.0000038
1024,1090,1,149.000001
1027,1045,1,221.0000038
1056,1027,1,250
1028,3109,1,250
1029,1056,1,221.0000038
1030,1038,1,98.00000191
1083,1030,1,98.00000191
1032,1036,1,98.00000191
1038,1032,1,154.9999952
1033,1081,1,548.0000019
1033,3050,1,646.999979
1067,1034,1,98.00000191
1088,1036,1,98.00000191
1037,1071,1,300
1082,1038,1,149.000001
1083,1038,1,221.0000038
1040,1090,1,149.000001
1065,1041,1,98.00000191
1041,1067,1,149.000001
1044,3019,1,149.000001
3130,1044,1,221.0000038
1045,1064,1,221.0000038
1087,1046,1,149.000001
1046,3009,1,149.000001
1047,1085,1,221.0000038
1053,1081,1,548.0000019
1054,1056,1,149.000001
1089,1054,1,98.00000191
1055,1089,1,98.00000191
1056,1061,1,150
1056,1065,1,250
1069,1058,1,221.0000038
1069,1058,2,221.0000038
1058,1087,1,221.0000038
1058,1087,2,221.0000038
1061,3042,1,221.0000038
1088,1068,1,98.00000191
1082,1069,1,149.000001
3048,1079,1,2300
3048,1079,2,2300
1081,3058,1,548.0000019
1084,3130,1,221.0000038
1085,1086,1,149.000001
1090,1085,1,221.0000038
2029,1091,1,187.0000005
1091,2048,1,187.0000005
2098,1091,1,187.0000005
2022,2001,1,187.0000005
2027,2001,1,187.0000005
2021,2002,1,2295.000076
2002,2101,1,2020.000076
2038,2003,1,250.999999
2003,2047,1,309.9999905
2007,2114,1,250.999999
2007,2122,1,187.0000005
2014,2008,1,187.0000005
2008,2052,1,187.0000005
2009,2049,1,250.999999
2009,2082,1,187.0000005
2109,2009,1,250
2061,2010,1,187.0000005
2010,2079,1,187.0000005
2010,2091,1,187.0000005
2127,2011,1,2020.000076
2012,2041,1,187.0000005
2012,2052,1,187.0000005
2093,2012,1,187.0000005
2012,2123,1,250.999999
2014,2029,1,187.0000005
2015,2037,1,187.0000005
5014,2015,1,187.0000005
2043,2016,1,187.0000005
2069,2016,1,187.0000005
2017,2096,1,2020.000076
2017,2127,1,2020.000076
2018,2093,1,187.0000005
2045,2020,1,309.9999905
2055,2020,1,409.0000153
2113,2021,1,2020.000076
2022,2040,1,187.0000005
2064,2022,1,250.999999
2025,2055,1,187.0000005
2067,2025,1,187.0000005
2058,2026,1,187.0000005
2128,2026,1,187.0000005
2027,2090,1,187.0000005
2028,2045,1,250.999999
2028,2109,1,250
2112,2028,1,309.9999905
2030,2106,1,187.0000005
2122,2030,1,250.999999
2031,2048,1,187.0000005
2031,2087,1,187.0000005
2032,2114,1,187.0000005
2122,2032,1,187.0000005
2129,2033,1,187.0000005
2033,5288,1,187.0000005
2034,2043,1,187.0000005
2046,2034,1,187.0000005
2035,2066,1,250.999999
2035,2091,1,250.999999
2036,2055,1,300
2036,2082,1,250
2037,2065,1,250.999999
2110,2037,1,250.999999
2081,2038,1,250.999999
2039,2086,1,187.0000005
5285,2039,1,250.999999
2039,5455,1,250.999999
2040,2114,1,187.0000005
2121,2040,1,187.0000005
2041,2058,1,187.0000005
2065,2044,1,187.0000005
2044,2102,1,187.0000005
2063,2046,1,250.999999
2092,2047,1,250.999999
2079,2048,1,187.0000005
2049,2061,1,250.999999
2090,2050,1,187.0000005
2050,5268,1,187.0000005
2080,2051,1,250.999999
2051,2112,1,309.9999905
5285,2053,1,250.999999
2053,5362,1,250.999999
2127,2054,1,2020.000076
2054,5236,1,2020.000076
2123,2058,1,187.0000005
2060,2064,1,250.999999
5136,2060,1,250.999999
2092,2063,1,250.999999
2126,2065,1,250.999999
2073,2066,1,250.999999
2068,2067,1,250.999999
2068,2088,1,250.999999
2069,2072,1,250.999999
2069,5074,1,187.0000005
2088,2070,1,250.999999
2070,5237,1,245.0000048
2072,2102,1,250.999999
2087,2073,1,187.0000005
2073,3079,1,250.999999
3115,2074,1,221.0000038
2077,2110,1,309.9999905
2077,2133,1,250.999999
2086,2080,1,187.0000005
2133,2080,1,250.999999
2081,2129,1,187.0000005
2090,2121,1,187.0000005
2097,3096,1,750
2101,5083,1,2020.000076
2102,2107,1,309.9999905
2124,2106,1,250.999999
2106,2129,1,187.0000005
2107,2125,1,250.999999
2130,2108,1,187.0000005
5472,2108,1,187.0000005
2111,5187,1,187.0000005
2111,5472,1,187.0000005
5049,2113,1,2768.000031
2113,8126,1,2768.000031
5450,2124,1,250.999999
2125,5078,1,187.0000005
2125,5215,1,250.999999
2126,5220,1,250.999999
2127,5164,1,2768.000031
2129,5141,1,250.999999
3021,2131,1,149.000001
3001,6177,1,548.0000019
6285,3001,1,442.9999828
3002,3107,1,98.00000191
3003,3103,1,149.000001
3141,3003,1,149.000001
3005,3052,1,98.00000191
3126,3005,1,98.00000191
3006,3049,1,149.000001
3145,3006,1,149.000001
3007,3013,1,149.000001
3007,3137,1,149.000001
3007,3145,1,98.00000191
3008,3036,1,149.000001
3140,3008,1,250
3143,3008,1,98.00000191
3009,3024,1,98.00000191
3146,3009,1,149.000001
3010,3076,1,98.00000191
3093,3010,1,98.00000191
3011,3012,1,98.00000191
3011,3124,1,98.00000191
3012,6226,1,98.00000191
3013,3077,1,98.00000191
3014,3124,1,149.000001
6212,3014,1,149.000001
3015,3121,1,98.00000191
3015,3127,1,98.00000191
3015,3128,1,98.00000191
3016,3083,1,221.0000038
3016,3103,1,149.000001
3016,3131,1,98.00000191
3139,3016,1,221.0000038
3018,3050,1,548.0000019
3018,3058,1,548.0000019
3024,3019,1,98.00000191
3114,3019,1,221.0000038
3114,3019,2,221.0000038
3049,3021,1,221.0000038
5397,3021,1,149.000001
3033,3022,1,98.00000191
3085,3022,1,98.00000191
3049,3023,1,149.000001
3023,3067,1,98.00000191
3023,3115,1,98.00000191
3035,3025,1,98.00000191
3025,3036,1,149.000001
3025,3101,1,149.000001
3026,5395,1,442.9999828
3027,3102,1,221.0000038
3147,3029,1,250
3029,5241,1,149.000001
3030,3072,1,189.9999976
3114,3030,1,149.000001
3054,3031,1,98.00000191
3031,3070,1,150
3031,3140,1,149.000001
3032,3094,1,250
3099,3032,1,149.000001
3136,3033,1,250
3035,3066,1,98.00000191
3036,3066,1,98.00000191
3078,3037,1,548.0000019
3037,3088,1,548.0000019
3038,3080,1,98.00000191
3085,3038,1,250
3072,3040,1,149.000001
3139,3040,1,250
3041,3046,1,819.9999809
3041,3058,1,750
3042,3064,1,221.0000038
3111,3042,1,221.0000038
3046,3078,1,819.9999809
3082,3046,1,750
3047,3064,1,221.0000038
3129,3047,1,221.0000038
3048,5045,1,2295.000076
3048,5045,2,2295.000076
3048,5120,1,2295.000076
3048,5394,1,2020.000076
4014,3050,1,548.0000019
3052,3093,1,98.00000191
3052,3107,1,98.00000191
3058,3053,1,1000
3082,3053,1,548.0000019
3053,3088,1,750
3053,3088,2,750
3059,3111,1,221.0000038
3064,3141,1,149.000001
3066,3142,1,98.00000191
3067,3070,1,98.00000191
3067,3094,1,149.000001
3067,3141,1,149.000001
3069,3077,1,98.00000191
3069,3140,1,98.00000191
3070,3131,1,149.000001
3142,3072,1,98.00000191
3073,3076,1,98.00000191
3123,3073,1,98.00000191
3073,4002,1,98.00000191
3132,3075,1,98.00000191
3075,3138,1,98.00000191
3077,3099,1,221.0000038
3077,3131,1,250
3078,3133,1,523.0000019
3134,3079,1,187.0000005
3137,3083,1,149.000001
3085,3128,1,98.00000191
5395,3088,1,750
5395,3088,2,750
3089,5334,1,409.0000153
3102,3091,1,98.00000191
3091,3125,1,98.00000191
3137,3094,1,221.0000038
3133,3096,1,442.9999828
3109,3097,1,340.0000095
3099,3100,1,250
3100,3102,1,98.00000191
3125,3100,1,149.000001
3104,3101,1,98.00000191
6360,3101,1,98.00000191
6156,3104,1,149.000001
3108,3147,1,98.00000191
3108,6065,1,98.00000191
3116,3115,1,221.0000038
3116,3136,1,221.0000038
4002,3119,1,98.00000191
4188,3119,1,98.00000191
3121,3129,1,149.000001
3121,3145,1,149.000001
3126,3123,1,98.00000191
6286,3124,1,100
3126,6059,1,98.00000191
3141,3127,1,221.0000038
3132,3144,1,98.00000191
3138,3142,1,98.00000191
3138,3146,1,149.000001
3144,3143,1,98.00000191
4003,4040,1,250
4103,4003,1,221.0000038
4103,4003,2,221.0000038
4128,4003,1,221.0000038
4014,4004,1,548.0000019
4113,4004,1,442.9999828
4022,4005,1,149.000001
4114,4005,1,221.0000038
4006,4011,1,149.000001
4006,4197,1,221.0000038
4007,4027,1,221.0000038
4007,4034,1,149.000001
4007,4122,1,221.0000038
4008,6112,1,98.00000191
6155,4008,1,149.000001
4008,6346,1,149.000001
4152,4009,1,221.0000038
4152,4009,2,221.0000038
4165,4009,1,221.0000038
4165,4009,2,221.0000038
4011,4185,1,149.000001
4034,4012,1,221.0000038
4012,4103,1,221.0000038
4012,4121,1,98.00000191
4012,4171,1,221.0000038
4013,4089,1,250
4107,4013,1,98.00000191
4013,4122,1,98.00000191
4014,4131,1,442.9999828
4188,4015,1,98.00000191
4016,4023,1,98.00000191
4117,4016,1,149.000001
4081,4017,1,221.0000038
4081,4017,2,221.0000038
4017,4087,1,149.000001
4017,4123,1,221.0000038
4018,4037,1,149.000001
4149,4018,1,149.000001
4019,4067,1,221.0000038
4019,4067,2,221.0000038
4019,4121,1,98.00000191
4051,4020,1,221.0000038
4051,4020,2,221.0000038
4020,4123,1,149.000001
4150,4020,1,221.0000038
4150,4020,2,221.0000038
4089,4021,1,149.000001
4021,4167,1,149.000001
4187,4022,1,149.000001
6112,4023,1,98.00000191
4131,4024,1,646.999979
6263,4024,1,442.9999828
4025,4117,1,259.9999905
4027,4088,1,221.0000038
4027,4088,2,221.0000038
4028,7043,1,442.9999828
4028,7274,1,750
4028,7274,2,750
4029,6253,1,221.0000038
7275,4029,1,149.000001
4031,4043,1,149.000001
4147,4031,1,149.000001
4051,4032,1,98.00000191
4141,4032,1,149.000001
4033,4101,1,150
4033,4147,1,221.0000038
4033,4147,2,221.0000038
4033,4190,1,149.000001
4034,4154,1,221.0000038
4064,4035,1,149.000001
4035,4150,1,98.00000191
4132,4036,1,149.000001
4036,4189,1,98.00000191
4037,4054,1,98.00000191
4099,4037,1,149.000001
4054,4038,1,98.00000191
4038,4125,1,98.00000191
4038,4178,1,98.00000191
4073,4039,1,750
4073,4039,2,750
4039,4151,1,750
4039,4151,2,750
4039,4151,3,750
4074,4040,1,250
4074,4040,2,250
4074,4040,3,250
4079,4040,1,300
4079,4040,2,300
4079,4040,3,300
4073,4041,1,819.9999809
4073,4041,2,819.9999809
4088,4042,1,250
4088,4042,2,250
4107,4042,1,221.0000038
4107,4042,2,221.0000038
4043,4119,1,149.000001
4044,4119,1,221.0000038
4185,4044,1,149.000001
4048,4154,1,221.0000038
4048,4155,1,221.0000038
4048,4155,2,221.0000038
4086,4049,1,149.000001
4049,4194,1,221.0000038
4049,4194,2,221.0000038
4127,4051,1,221.0000038
4053,4152,1,221.0000038
4053,4152,2,221.0000038
4053,4191,1,221.0000038
4053,4191,2,221.0000038
4055,4078,1,221.0000038
4055,4078,2,221.0000038
4055,4109,1,149.000001
4055,4145,1,221.0000038
4055,4145,2,221.0000038
4056,4158,1,750
4056,4181,1,646.999979
4108,4057,1,221.0000038
4108,4057,2,221.0000038
4057,4145,1,221.0000038
4057,4145,2,221.0000038
4069,4064,1,98.00000191
4064,4099,1,221.0000038
4064,4099,2,221.0000038
4064,4104,1,221.0000038
4064,4104,2,221.0000038
4066,4068,1,149.000001
4066,4107,1,221.0000038
4066,4107,2,221.0000038
4111,4067,1,300
4194,4067,1,300
4194,4067,2,300
4194,4067,3,300
4068,4103,1,98.00000191
4068,4186,1,149.000001
4069,4072,1,98.00000191
4070,4183,1,442.9999828
4070,4192,1,750
4070,4192,2,750
4106,4071,1,221.0000038
4072,4156,1,221.0000038
4072,4168,1,221.0000038
4072,4168,2,221.0000038
4146,4073,1,548.0000019
4073,4183,1,750
4192,4073,1,819.9999809
4155,4074,1,221.0000038
4120,4078,1,250
4078,4180,1,98.00000191
4079,4157,1,250
4079,4157,2,250
4140,4080,1,750
4080,4151,1,750
4080,4181,1,646.999979
4183,4080,1,819.9999809
4086,4106,1,149.000001
4110,4086,1,149.000001
4156,4087,1,221.0000038
4089,4194,1,149.000001
4169,4099,1,221.0000038
4169,4099,2,221.0000038
4100,4120,1,250
4150,4100,1,221.0000038
4150,4100,2,221.0000038
4168,4100,1,221.0000038
4168,4100,2,221.0000038
4168,4100,3,221.0000038
4175,4101,1,149.000001
4197,4101,1,149.000001
4126,4102,1,300
4126,4102,2,300
4102,4171,1,250
4102,4171,2,250
4145,4104,1,98.00000191
4170,4108,1,149.000001
4109,4156,1,98.00000191
4110,4171,1,149.000001
4186,4111,1,221.0000038
4124,4112,1,221.0000038
4124,4112,2,221.0000038
4112,4141,1,221.0000038
4112,4141,2,221.0000038
4146,4113,1,548.0000019
4190,4114,1,221.0000038
4190,4114,2,221.0000038
4117,4172,1,149.000001
4139,4118,1,98.00000191
4148,4118,1,98.00000191
4164,4119,1,221.0000038
4122,4157,1,221.0000038
4122,4157,2,221.0000038
4123,4180,1,98.00000191
4128,4124,1,221.0000038
4128,4124,2,221.0000038
6264,4125,1,98.00000191
4193,4126,1,250
4193,4126,2,250
4193,4126,3,250
4144,4127,1,98.00000191
4129,4130,1,98.00000191
4129,4176,1,98.00000191
4130,4179,1,98.00000191
4131,6308,1,442.9999828
4132,4143,1,149.000001
6357,4132,1,149.000001
4139,4144,1,98.00000191
4139,4169,1,149.000001
4140,4151,1,442.9999828
4140,4196,1,523.0000019
4141,4165,1,221.0000038
4189,4143,1,149.000001
4146,4196,1,750
4146,4196,2,750
4148,4179,1,98.00000191
4173,4149,1,170.0000048
4149,4182,1,221.0000038
4151,4158,1,750
4164,4155,1,221.0000038
4159,4168,1,250
4159,4168,2,250
4159,4168,3,250
4159,4168,4,250
4186,4167,1,149.000001
4180,4170,1,149.000001
6221,4172,1,149.000001
4172,6346,1,149.000001
7030,4173,1,149.000001
6015,4174,1,221.0000038
6276,4174,1,149.000001
4176,4175,1,149.000001
4178,6253,1,149.000001
7274,4181,1,442.9999828
4191,4184,1,221.0000038
4191,4184,2,221.0000038
4184,4194,1,250
4184,4194,2,250
4187,4189,1,149.000001
4195,6239,1,2020.000076
5003,5181,1,187.0000005
5213,5003,1,250.999999
5003,5436,1,187.0000005
5004,5426,1,250.999999
5476,5004,1,250.999999
5133,5005,1,187.0000005
5005,5435,1,187.0000005
5006,5072,1,309.9999905
5006,5072,2,309.9999905
5006,5072,3,309.9999905
5289,5006,1,309.9999905
5289,5006,2,309.9999905
5006,5294,1,187.0000005
5007,5012,1,250.999999
5165,5007,1,409.0000153
5134,5008,1,250.999999
5347,5008,1,187.0000005
5396,5008,1,400
5294,5009,1,187.0000005
5311,5009,1,187.0000005
5482,5009,1,409.0000153
5010,5096,1,309.9999905
5010,5096,2,309.9999905
5386,5010,1,309.9999905
5386,5010,2,309.9999905
5011,5054,1,250.999999
8084,5011,1,250.999999
5012,5017,1,187.0000005
5013,5101,1,187.0000005
5156,5013,1,187.0000005
5013,5226,1,187.0000005
5014,5455,1,250.999999
5063,5015,1,2020.000076
5015,5164,1,2020.000076
5361,5015,1,4352.000046
5015,5479,1,2020.000076
5265,5016,1,409.0000153
5265,5016,2,409.0000153
5265,5016,3,409.0000153
5420,5016,1,309.9999905
5420,5016,2,309.9999905
5218,5017,1,187.0000005
5017,5315,1,187.0000005
5055,5018,1,2020.000076
5018,5236,1,3145.999908
5018,5236,2,3145.999908
5018,5413,1,2768.000031
5019,5176,1,250.999999
5021,5401,1,3145.999908
5021,5413,1,3145.999908
5479,5021,1,2768.000031
5249,5022,1,409.0000153
5249,5022,2,409.0000153
5306,5022,1,309.9999905
5306,5022,2,309.9999905
5022,5441,1,409.0000153
5022,5441,2,409.0000153
5140,5024,1,187.0000005
5024,5182,1,187.0000005
5452,5024,1,250.999999
5453,5025,1,309.9999905
5453,5025,2,309.9999905
5025,5473,1,309.9999905
5025,5473,2,309.9999905
5026,5104,1,309.9999905
5026,5104,2,309.9999905
5026,5375,1,250.999999
5027,5098,1,409.0000153
5027,5469,1,309.9999905
5027,5469,2,309.9999905
5027,5481,1,409.0000153
5097,5028,1,309.9999905
5097,5028,2,309.9999905
5028,5233,1,309.9999905
5028,5478,1,409.0000153
5029,5142,1,250.999999
5461,5029,1,250.999999
5312,5030,1,250.999999
5030,5430,1,309.9999905
5031,5296,1,250.999999
5408,5031,1,187.0000005
5032,5090,1,250.999999
5214,5032,1,187.0000005
5032,5228,1,309.9999905
5032,5228,2,309.9999905
5329,5032,1,187.0000005
5033,5047,1,2768.000031
5033,5350,1,2768.000031
5033,5384,1,3145.999908
5034,5313,1,409.0000153
5034,5313,2,409.0000153
5034,5313,3,409.0000153
5371,5034,1,250.999999
5043,5152,1,250.999999
5043,5284,1,250.999999
5044,5153,1,409.0000153
5044,5153,2,409.0000153
5185,5044,1,309.9999905
5185,5044,2,309.9999905
5045,5120,1,2020.000076
5260,5045,1,2295.000076
5413,5045,1,2020.000076
5286,5046,1,187.0000005
5047,5179,1,2768.000031
5047,5260,1,2295.000076
5047,5444,1,2020.000076
5480,5048,1,309.9999905
5480,5048,2,309.9999905
5480,5048,3,309.9999905
5480,5048,4,309.9999905
5049,5304,1,2295.000076
5049,5350,1,2295.000076
5049,8074,1,2768.000031
8126,5049,1,3145.999908
5454,5050,1,309.9999905
5454,5050,2,309.9999905
5052,8038,1,186.0000014
5052,8124,1,186.0000014
5173,5053,1,309.9999905
5173,5053,2,309.9999905
5053,5357,1,309.9999905
5053,5357,2,309.9999905
5054,5223,1,250.999999
5055,5196,1,2020.000076
5187,5056,1,187.0000005
5197,5056,1,250.999999
5059,5426,1,250.999999
8148,5059,1,309.9999905
5060,8065,1,98.00000191
5063,5304,1,2020.000076
5322,5063,1,2295.000076
5063,5401,1,3145.999908
5064,5125,1,409.0000153
5064,5125,2,409.0000153
5064,5125,3,409.0000153
5064,5125,4,409.0000153
5143,5064,1,409.0000153
5143,5064,2,409.0000153
5143,5064,3,409.0000153
5070,5128,1,187.0000005
5425,5070,1,250.999999
5138,5071,1,250.999999
5071,5359,1,309.9999905
5103,5072,1,309.9999905
5103,5072,2,309.9999905
5103,5072,3,309.9999905
5103,5072,4,309.9999905
5103,5072,5,309.9999905
5116,5072,1,309.9999905
5116,5072,2,309.9999905
5121,5073,1,187.0000005
5484,5073,1,250.999999
5074,5147,1,309.9999905
5074,5331,1,250.999999
5075,5267,1,187.0000005
5075,5377,1,187.0000005
5227,5076,1,187.0000005
8108,5077,1,98.00000191
5160,5078,1,187.0000005
5079,5138,1,309.9999905
5079,5138,2,309.9999905
5378,5079,1,409.0000153
5142,5080,1,250.999999
5080,5328,1,187.0000005
5081,5163,1,250.999999
5221,5081,1,187.0000005
5081,5377,1,221.0000038
5082,5086,1,250.999999
5082,5330,1,409.0000153
5082,5440,1,409.0000153
5083,5295,1,2768.000031
5083,5322,1,2020.000076
5083,5464,1,2020.000076
5357,5084,1,309.9999905
5357,5084,2,309.9999905
5357,5084,3,309.9999905
5157,5085,1,250.999999
5085,5468,1,187.0000005
5086,5177,1,250.999999
5086,5210,1,187.0000005
5086,5447,1,187.0000005
5257,5087,1,187.0000005
5087,5345,1,250.999999
5087,5348,1,250.999999
5088,5290,1,250.999999
5088,5393,1,250.999999
5090,5122,1,187.0000005
5090,5230,1,187.0000005
5090,5311,1,250.999999
5171,5091,1,250.999999
5091,5257,1,250.999999
5092,5186,1,250.999999
5453,5092,1,187.0000005
5475,5092,1,250.999999
5093,5291,1,250.999999
5332,5093,1,250.999999
5093,5434,1,309.9999905
5093,5434,2,309.9999905
5094,5381,1,309.9999905
5485,5094,1,309.9999905
5277,5095,1,187.0000005
5341,5095,1,187.0000005
5305,5096,1,309.9999905
5305,5096,2,309.9999905
5305,5096,3,309.9999905
5096,5412,1,250.999999
5097,5125,1,409.0000153
5097,5125,2,409.0000153
5098,5453,1,309.9999905
5098,5475,1,187.0000005
5099,5195,1,409.0000153
5099,5339,1,409.0000153
5229,5100,1,309.9999905
5229,5100,2,309.9999905
5250,5100,1,409.0000153
5250,5100,2,409.0000153
5250,5100,3,409.0000153
5100,5352,1,309.9999905
5100,5352,2,309.9999905
5231,5101,1,187.0000005
5102,5304,1,2295.000076
5384,5102,1,2020.000076
5464,5102,1,2020.000076
5103,5130,1,309.9999905
5103,5130,2,309.9999905
5104,5199,1,250.999999
5447,5104,1,309.9999905
5447,5104,2,309.9999905
5104,5480,1,309.9999905
5104,5480,2,309.9999905
5104,5480,3,309.9999905
5104,5480,4,309.9999905
5105,5148,1,187.0000005
5105,5253,1,187.0000005
5105,5422,1,250.999999
5108,5266,1,309.9999905
5108,5266,2,309.9999905
5108,5353,1,309.9999905
5108,5353,2,309.9999905
5449,5108,1,309.9999905
5449,5108,2,309.9999905
5449,5108,3,309.9999905
5274,5109,1,250.999999
5109,5333,1,250.999999
5176,5110,1,250.999999
5110,5200,1,250.999999
5203,5111,1,250.999999
5111,5289,1,309.9999905
5111,5289,2,309.9999905
5111,5372,1,250.999999
5112,5133,1,187.0000005
5191,5112,1,187.0000005
5112,5246,1,187.0000005
5286,5112,1,150
5113,5195,1,250.999999
5113,5218,1,187.0000005
5220,5113,1,187.0000005
5219,5114,1,187.0000005
5114,5222,1,309.9999905
5227,5114,1,309.9999905
5115,5421,1,250.999999
5454,5115,1,250.999999
5116,5224,1,309.9999905
5116,5224,2,309.9999905
5117,5216,1,250.999999
5117,5409,1,187.0000005
5334,5118,1,187.0000005
5347,5118,1,187.0000005
5118,5456,1,250.999999
5119,5205,1,187.0000005
5337,5119,1,187.0000005
5120,5239,1,2020.000076
5122,5252,1,187.0000005
5122,5308,1,250.999999
5159,5123,1,187.0000005
8157,5124,1,149.000001
5125,5330,1,409.0000153
5125,5330,2,409.0000153
5126,5252,1,187.0000005
5126,5309,1,187.0000005
5126,5386,1,309.9999905
5191,5127,1,187.0000005
5127,5231,1,187.0000005
5314,5127,1,187.0000005
5128,5214,1,250.999999
5128,5467,1,250.999999
5226,5129,1,187.0000005
5129,5240,1,187.0000005
5173,5130,1,309.9999905
5173,5130,2,309.9999905
5131,5279,1,2020.000076
5131,5410,1,2768.000031
5131,6107,1,2768.000031
5163,5132,1,250.999999
5155,5134,1,250.999999
5155,5135,1,250.999999
5169,5135,1,187.0000005
5135,5264,1,250.999999
5136,5288,1,250.999999
5137,5388,1,2020.000076
5137,5451,1,2020.000076
5139,5183,1,309.9999905
5139,5233,1,409.0000153
5344,5139,1,309.9999905
5140,5466,1,187.0000005
5141,5408,1,187.0000005
5142,5466,1,187.0000005
5143,5216,1,409.0000153
5428,5143,1,409.0000153
5428,5143,2,409.0000153
5144,5314,1,187.0000005
5389,5144,1,187.0000005
5145,5251,1,309.9999905
5145,5251,2,309.9999905
5145,5323,1,309.9999905
5145,5323,2,309.9999905
5145,5323,3,309.9999905
5146,5149,1,250.999999
5146,5152,1,309.9999905
5146,5152,2,309.9999905
5336,5146,1,309.9999905
5336,5146,2,309.9999905
5336,5146,3,309.9999905
5146,5412,1,250.999999
5147,5188,1,187.0000005
5147,5224,1,250.999999
5148,5335,1,187.0000005
5148,5457,1,187.0000005
5463,5148,1,187.0000005
5294,5149,1,250.999999
5149,5309,1,187.0000005
5197,5150,1,309.9999905
5150,5432,1,309.9999905
5154,5151,1,187.0000005
5191,5151,1,187.0000005
5407,5151,1,187.0000005
5181,5152,1,309.9999905
5181,5152,2,309.9999905
5205,5153,1,409.0000153
5205,5153,2,409.0000153
5154,5247,1,187.0000005
5290,5154,1,250.999999
5456,5156,1,250.999999
5157,5194,1,187.0000005
5333,5157,1,309.9999905
5333,5157,2,309.9999905
5316,5158,1,409.0000153
5316,5158,2,409.0000153
5374,5158,1,500
5374,5158,2,500
5271,5159,1,187.0000005
5165,5160,1,309.9999905
5161,5181,1,187.0000005
5161,5272,1,309.9999905
5316,5161,1,409.0000153
5161,5356,1,250.999999
5162,5211,1,187.0000005
5162,5437,1,187.0000005
5163,5235,1,187.0000005
5164,5204,1,3145.999908
5164,5464,1,2768.000031
5175,5165,1,409.0000153
5175,5165,2,409.0000153
5175,5165,3,409.0000153
5168,5203,1,187.0000005
5168,5245,1,187.0000005
5168,5311,1,250.999999
5471,5169,1,187.0000005
5171,5174,1,250.999999
5306,5172,1,250.999999
5430,5172,1,250.999999
5173,5203,1,250.999999
5474,5174,1,250.999999
5195,5175,1,409.0000153
5175,5370,1,409.0000153
5175,5370,2,409.0000153
5177,5186,1,309.9999905
5177,5186,2,309.9999905
5177,5287,1,359.9999905
5258,5178,1,187.0000005
5308,5178,1,250.999999
5178,5354,1,187.0000005
5358,5179,1,3145.999908
5179,5380,1,3145.999908
5179,8043,1,2768.000031
5179,8057,1,2768.000031
5180,5485,1,309.9999905
5182,5314,1,187.0000005
5183,5224,1,250.999999
5184,5373,1,187.0000005
5387,5184,1,250.999999
5185,5218,1,250.999999
5434,5185,1,309.9999905
5434,5185,2,309.9999905
5186,5355,1,309.9999905
5186,5355,2,309.9999905
5188,5203,1,250.999999
5188,5234,1,309.9999905
5188,5253,1,187.0000005
5189,5230,1,250.999999
5189,5272,1,409.0000153
5189,5352,1,309.9999905
5189,5352,2,309.9999905
5190,5255,1,250.999999
5190,5264,1,250.999999
5190,5430,1,309.9999905
5191,5407,1,187.0000005
5192,5279,1,2020.000076
6316,5193,1,187.0000005
5194,5330,1,250.999999
5194,5376,1,309.9999905
5194,5462,1,250.999999
5196,5204,1,2020.000076
5337,5197,1,187.0000005
5199,5375,1,187.0000005
5199,5438,1,250.999999
5255,5200,1,250.999999
5276,5201,1,250.999999
5327,5201,1,250.999999
5202,5381,1,187.0000005
5426,5202,1,187.0000005
5361,5204,1,2768.000031
5204,5413,1,2020.000076
5209,5246,1,187.0000005
5247,5209,1,187.0000005
5210,5233,1,250.999999
5210,5428,1,409.0000153
5211,5275,1,187.0000005
5211,5327,1,250.999999
5212,5256,1,309.9999905
5333,5212,1,309.9999905
5213,5250,1,409.0000153
5214,5229,1,187.0000005
5468,5214,1,309.9999905
5215,5277,1,250.999999
5216,5442,1,250.999999
5216,5443,1,187.0000005
5217,5310,1,187.0000005
5217,5310,2,187.0000005
5217,5433,1,250.999999
5483,5217,1,409.0000153
5483,5217,2,409.0000153
5219,5371,1,187.0000005
5221,5411,1,187.0000005
5222,5426,1,309.9999905
5222,5426,2,309.9999905
5223,5275,1,250.999999
5307,5224,1,309.9999905
5225,5259,1,250.999999
5421,5225,1,309.9999905
5227,5354,1,250.999999
5313,5228,1,409.0000153
5313,5228,2,409.0000153
5313,5228,3,409.0000153
5349,5228,1,309.9999905
5229,5309,1,409.0000153
5230,5478,1,187.0000005
5286,5231,1,187.0000005
5232,5251,1,187.0000005
5440,5232,1,300
5232,5442,1,187.0000005
5233,5339,1,187.0000005
5234,5296,1,309.9999905
5234,5296,2,309.9999905
5235,5271,1,187.0000005
5411,5235,1,187.0000005
5236,5394,1,2020.000076
5451,5239,1,2020.000076
5239,6210,1,2020.000076
5244,5306,1,250.999999
5244,5442,1,187.0000005
5245,5254,1,250.999999
5245,5339,1,187.0000005
5261,5246,1,250.999999
5248,5428,1,250.999999
5248,5457,1,409.0000153
5248,5483,1,187.0000005
5292,5249,1,309.9999905
5292,5249,2,309.9999905
5250,5385,1,500
5250,5385,2,500
5250,5385,3,500
5250,5385,4,500
5251,5478,1,309.9999905
5251,5478,2,309.9999905
5252,5340,1,187.0000005
5252,5436,1,187.0000005
5370,5253,1,309.9999905
5370,5253,2,309.9999905
5254,5332,1,187.0000005
5254,5420,1,309.9999905
5254,5420,2,309.9999905
5254,5457,1,187.0000005
5257,5256,1,250.999999
5256,5427,1,250.999999
5439,5256,1,309.9999905
5308,5258,1,309.9999905
5259,5412,1,250.999999
5317,5260,1,4352.000046
5264,5471,1,250.999999
5483,5265,1,409.0000153
5483,5265,2,409.0000153
5483,5265,3,409.0000153
5287,5266,1,309.9999905
5267,5466,1,187.0000005
5470,5267,1,187.0000005
5268,5288,1,187.0000005
5427,5269,1,309.9999905
5445,5269,1,309.9999905
5445,5269,2,309.9999905
5270,5389,1,250.999999
5270,5437,1,187.0000005
5270,5474,1,250.999999
5271,5390,1,187.0000005
5467,5272,1,187.0000005
5273,5339,1,187.0000005
5273,5422,1,250.999999
5274,5329,1,250.999999
5274,5374,1,187.0000005
5275,5476,1,250.999999
5359,5276,1,250.999999
5277,5315,1,187.0000005
5280,5278,1,250.999999
5390,5278,1,187.0000005
5279,5358,1,2020.000076
5280,5461,1,309.9999905
5284,5454,1,309.9999905
5289,5436,1,309.9999905
5289,5436,2,309.9999905
5290,5345,1,250.999999
5291,5292,1,409.0000153
5429,5291,1,187.0000005
5291,5438,1,187.0000005
5292,5312,1,187.0000005
5293,5338,1,309.9999905
5293,5338,2,309.9999905
5293,5402,1,409.0000153
5293,5402,2,409.0000153
5304,5295,1,2020.000076
5295,5444,1,2768.000031
5296,5400,1,409.0000153
5307,5341,1,309.9999905
5307,5341,2,309.9999905
5351,5308,1,409.0000153
5351,5308,2,409.0000153
5310,5339,1,187.0000005
5310,5379,1,409.0000153
5310,5438,1,250.999999
5316,5354,1,187.0000005
5388,5317,1,2020.000076
5401,5317,1,3145.999908
5401,5317,2,3145.999908
5473,5318,1,309.9999905
5473,5318,2,309.9999905
5322,5384,1,2020.000076
5448,5322,1,2020.000076
5376,5323,1,309.9999905
5376,5323,2,309.9999905
5323,5425,1,309.9999905
5323,5425,2,309.9999905
5446,5328,1,187.0000005
5330,5433,1,309.9999905
5400,5331,1,250.999999
5450,5331,1,187.0000005
5429,5332,1,187.0000005
5427,5333,1,309.9999905
5427,5333,2,309.9999905
5334,5484,1,250.999999
5335,5372,1,187.0000005
5335,5425,1,309.9999905
5351,5336,1,409.0000153
5351,5336,2,409.0000153
5351,5336,3,409.0000153
5481,5338,1,309.9999905
5481,5338,2,309.9999905
5340,5462,1,250.999999
5340,5467,1,187.0000005
5422,5341,1,409.0000153
5422,5341,2,409.0000153
5341,5465,1,309.9999905
5341,5465,2,309.9999905
5341,5465,3,309.9999905
5341,5465,4,309.9999905
5372,5344,1,187.0000005
5344,5482,1,187.0000005
5375,5346,1,250.999999
5346,5441,1,309.9999905
5346,5441,2,309.9999905
5443,5346,1,309.9999905
5443,5346,2,309.9999905
5348,5355,1,187.0000005
5349,5462,1,250.999999
5350,5448,1,2020.000076
5350,5464,1,2020.000076
5351,5431,1,250.999999
5376,5353,1,350
5376,5353,2,350
5353,5468,1,309.9999905
5355,5445,1,309.9999905
5355,5445,2,309.9999905
5386,5356,1,250.999999
5356,5431,1,250.999999
5357,5386,1,309.9999905
8155,5358,1,2768.000031
5373,5433,1,250.999999
5385,5374,1,409.0000153
5385,5374,2,409.0000153
5385,5374,3,409.0000153
5377,5477,1,250.999999
5470,5378,1,409.0000153
5379,5442,1,250.999999
5380,5384,1,3145.999908
5381,5439,1,309.9999905
5381,5439,2,309.9999905
5387,5429,1,187.0000005
5469,5387,1,309.9999905
5388,8067,1,2768.000031
5389,5393,1,250.999999
5390,5458,1,187.0000005
5459,5391,1,98.00000191
5407,5470,1,187.0000005
5408,5421,1,187.0000005
5409,5447,1,250.999999
5410,5451,1,2020.000076
5411,5477,1,250.999999
6316,5411,1,187.0000005
5414,5471,1,187.0000005
5432,5430,1,309.9999905
5435,5471,1,187.0000005
5443,5469,1,379.9999952
5470,5446,1,187.0000005
5448,5479,1,2020.000076
6140,5459,1,149.000001
5459,6325,1,149.000001
5463,5478,1,409.0000153
5467,5482,1,409.0000153
6001,6281,1,250
6001,6283,1,98.00000191
6001,6312,1,221.0000038
6002,6060,1,98.00000191
6002,6291,1,221.0000038
6002,6291,2,221.0000038
6002,6332,1,149.000001
6003,6107,1,2020.000076
6292,6003,1,2768.000031
6102,6004,1,1400
6012,6005,1,221.0000038
6012,6005,2,221.0000038
6005,6117,1,221.0000038
6005,6117,2,221.0000038
6011,6068,1,221.0000038
6163,6011,1,221.0000038
6027,6012,1,221.0000038
6027,6012,2,221.0000038
6026,6013,1,221.0000038
6013,6128,1,98.00000191
6013,6168,1,149.000001
6013,6225,1,98.00000191
6014,6096,1,98.00000191
6133,6014,1,149.000001
6014,6139,1,98.00000191
6015,6112,1,98.00000191
6236,6015,1,149.000001
6016,6168,1,221.0000038
6016,6168,2,221.0000038
6199,6016,1,221.0000038
6199,6016,2,221.0000038
6199,6016,3,221.0000038
6016,6356,1,400
6068,6017,1,221.0000038
6068,6017,2,221.0000038
6068,6017,3,221.0000038
6017,6159,1,221.0000038
6017,6159,2,221.0000038
6017,6159,3,221.0000038
6160,6018,1,221.0000038
6160,6018,2,221.0000038
6160,6018,3,221.0000038
6018,6256,1,221.0000038
6018,6256,2,221.0000038
6018,6256,3,221.0000038
6040,6019,1,221.0000038
6040,6019,2,221.0000038
6040,6019,3,221.0000038
6019,6113,1,221.0000038
6019,6113,2,221.0000038
6019,6306,1,98.00000191
6019,6313,1,221.0000038
6019,6313,2,221.0000038
6020,6212,1,149.000001
6020,6252,1,149.000001
6118,6021,1,2020.000076
6021,6210,1,2020.000076
6315,6022,1,442.9999828
6022,6350,1,442.9999828
6120,6023,1,221.0000038
6023,6262,1,221.0000038
6023,6262,2,221.0000038
6024,6181,1,221.0000038
6024,6219,1,300
6024,6330,1,221.0000038
6025,6060,1,250
6121,6025,1,221.0000038
6025,6337,1,221.0000038
6025,6337,2,221.0000038
6352,6025,1,221.0000038
6026,6182,1,221.0000038
6236,6026,1,221.0000038
6236,6026,2,221.0000038
6027,6181,1,300
6126,6028,1,221.0000038
6126,6028,2,221.0000038
6028,6223,1,221.0000038
6028,6223,2,221.0000038
6028,6289,1,98.00000191
6029,6221,1,149.000001
6329,6029,1,149.000001
6030,6172,1,442.9999828
6030,6188,1,442.9999828
6030,7274,1,442.9999828
6173,6031,1,98.00000191
6032,6207,1,149.000001
6217,6032,1,98.00000191
6107,6033,1,2768.000031
6033,6342,1,2020.000076
6108,6034,1,548.0000019
6034,6119,1,442.9999828
6034,6255,1,442.9999828
6034,6343,1,548.0000019
6061,6035,1,221.0000038
6061,6035,2,221.0000038
6123,6035,1,221.0000038
6123,6035,2,221.0000038
6035,6306,1,98.00000191
6036,6067,1,750
6036,6142,1,750
6036,6142,2,750
6287,6036,1,548.0000019
6036,6334,1,442.9999828
6094,6037,1,221.0000038
6094,6037,2,221.0000038
6220,6037,1,221.0000038
6220,6037,2,221.0000038
6220,6037,3,221.0000038
6038,6066,1,2020.000076
6254,6038,1,2020.000076
6349,6038,1,2020.000076
6222,6039,1,442.9999828
6040,6224,1,149.000001
6043,6236,1,221.0000038
6043,6236,2,221.0000038
6335,6043,1,221.0000038
6335,6043,2,221.0000038
6044,6203,1,149.000001
6204,6044,1,149.000001
6044,6284,1,149.000001
6044,6323,1,221.0000038
6044,6323,2,221.0000038
6066,6045,1,2020.000076
6210,6045,1,2020.000076
6045,6234,1,2020.000076
6198,6046,1,523.0000019
6046,6285,1,646.999979
6047,6150,1,221.0000038
6047,6150,2,221.0000038
6291,6047,1,221.0000038
6291,6047,2,221.0000038
6226,6055,1,98.00000191
6055,6286,1,98.00000191
6056,6066,1,2020.000076
6161,6056,1,3145.999908
6298,6056,1,2020.000076
6067,6057,1,548.0000019
6057,6177,1,548.0000019
6058,6124,1,221.0000038
6058,6124,2,221.0000038
6058,6124,3,221.0000038
6300,6058,1,221.0000038
6357,6059,1,149.000001
6060,6157,1,221.0000038
6314,6060,1,149.000001
6061,6219,1,221.0000038
6061,6224,1,98.00000191
6075,6062,1,2020.000076
7199,6062,1,2020.000076
6063,6192,1,646.999979
8094,6063,1,800
6064,6341,1,149.000001
6065,6262,1,98.00000191
6279,6067,1,442.9999828
6075,6101,1,2020.000076
7018,6075,1,2020.000076
6102,6076,1,850
6188,6076,1,442.9999828
6077,6135,1,149.000001
6077,6311,1,149.000001
6081,6156,1,149.000001
6212,6081,1,149.000001
6084,6136,1,221.0000038
6084,6355,1,221.0000038
6091,6176,1,221.0000038
6251,6091,1,98.00000191
6265,6092,1,221.0000038
6092,6340,1,221.0000038
6094,6093,1,98.00000191
6093,6191,1,149.000001
6094,6352,1,221.0000038
6094,6352,2,221.0000038
6116,6095,1,98.00000191
6095,6353,1,221.0000038
6095,6353,2,221.0000038
6095,6358,1,250
6196,6096,1,149.000001
6096,6202,1,98.00000191
6096,6340,1,98.00000191
6097,6220,1,221.0000038
6097,6220,2,221.0000038
6097,6225,1,149.000001
6098,6123,1,221.0000038
6098,6123,2,221.0000038
6098,6208,1,98.00000191
6098,6289,1,149.000001
6099,6204,1,98.00000191
6099,6225,1,98.00000191
6099,6310,1,149.000001
6100,6128,1,98.00000191
6180,6100,1,149.000001
6283,6100,1,98.00000191
6103,6117,1,221.0000038
6103,6117,2,221.0000038
6103,6183,1,149.000001
6107,8082,1,2020.000076
6108,6192,1,523.0000019
6338,6109,1,98.00000191
6113,6175,1,221.0000038
6113,6175,2,221.0000038
6113,6345,1,149.000001
6114,6204,1,149.000001
6114,6261,1,98.00000191
6159,6115,1,221.0000038
6159,6115,2,221.0000038
6115,6191,1,149.000001
6115,6225,1,98.00000191
6115,6250,1,149.000001
6181,6116,1,98.00000191
6118,6349,1,2768.000031
6119,6354,1,548.0000019
6290,6120,1,221.0000038
6290,6120,2,221.0000038
6121,6174,1,98.00000191
6121,6179,1,98.00000191
6220,6121,1,221.0000038
6220,6121,2,221.0000038
6122,6327,1,98.00000191
7337,6122,1,98.00000191
6233,6123,1,98.00000191
6124,6131,1,149.000001
6191,6124,1,221.0000038
6124,6314,1,149.000001
6180,6125,1,149.000001
6125,6322,1,149.000001
6126,6130,1,221.0000038
6126,6176,1,221.0000038
6126,6176,2,221.0000038
6126,6313,1,98.00000191
6127,6237,1,98.00000191
6338,6127,1,98.00000191
6127,8102,1,98.00000191
6128,6276,1,200
6129,6309,1,149.000001
6129,6336,1,98.00000191
6130,6230,1,229.9999952
6130,6231,1,149.000001
6131,6251,1,98.00000191
6132,6137,1,98.00000191
6175,6132,1,250
6190,6133,1,149.000001
6134,6140,1,149.000001
6134,6358,1,149.000001
6195,6135,1,149.000001
6358,6136,1,221.0000038
6137,6184,1,98.00000191
6137,6217,1,98.00000191
6157,6138,1,98.00000191
6138,6286,1,149.000001
6139,6339,1,98.00000191
6141,6161,1,2020.000076
6141,6197,1,4352.000046
6239,6141,1,2400
6142,6162,1,442.9999828
6143,6284,1,221.0000038
6143,6284,2,221.0000038
6312,6143,1,250
6312,6143,2,250
6312,6143,3,250
6312,6143,4,250
6150,6356,1,221.0000038
6150,6356,2,221.0000038
6190,6151,1,221.0000038
6151,6311,1,149.000001
6327,6151,1,150
6152,6177,1,442.9999828
6152,6198,1,548.0000019
6241,6153,1,221.0000038
6241,6153,2,221.0000038
6153,6324,1,221.0000038
6153,6324,2,221.0000038
6176,6154,1,149.000001
6252,6154,1,149.000001
6155,6284,1,98.00000191
6156,6282,1,221.0000038
6158,6341,1,98.00000191
8104,6158,1,98.00000191
6281,6159,1,250
6160,6175,1,221.0000038
6160,6175,2,221.0000038
6160,6233,1,149.000001
6160,6330,1,149.000001
6161,7018,1,3145.999908
6162,6277,1,442.9999828
6279,6162,1,442.9999828
6280,6163,1,149.000001
6168,6209,1,149.000001
6168,6261,1,98.00000191
6169,6239,1,2020.000076
6170,6235,1,548.0000019
6308,6170,1,442.9999828
6170,6334,1,442.9999828
6236,6171,1,221.0000038
6173,6265,1,250
7020,6173,1,98.00000191
6174,6203,1,221.0000038
6174,6250,1,98.00000191
6174,6320,1,221.0000038
6174,6320,2,221.0000038
6175,6194,1,149.000001
6175,6289,1,98.00000191
6230,6176,1,221.0000038
6235,6177,1,523.0000019
6177,6287,1,442.9999828
6177,6299,1,548.0000019
6177,6308,1,442.9999828
6334,6177,1,646.999979
6178,6209,1,149.000001
6332,6178,1,221.0000038
6291,6179,1,98.00000191
6182,6201,1,149.000001
6183,6206,1,98.00000191
6184,6185,1,98.00000191
6184,6205,1,149.000001
6184,6219,1,98.00000191
6185,6313,1,98.00000191
6186,6187,1,221.0000038
6186,6187,2,221.0000038
6186,6351,1,221.0000038
6186,6351,2,221.0000038
6187,6219,1,149.000001
6187,6289,1,149.000001
6188,7305,1,459.9999905
6327,6189,1,98.00000191
6193,6206,1,98.00000191
6193,6326,1,98.00000191
6196,6194,1,149.000001
6194,6231,1,149.000001
6232,6194,1,221.0000038
6195,7314,1,149.000001
6197,6234,1,2020.000076
6197,6333,1,2020.000076
6287,6198,1,548.0000019
6337,6199,1,221.0000038
6337,6199,2,221.0000038
6200,6225,1,98.00000191
6200,6275,1,98.00000191
6200,6284,1,149.000001
6201,6203,1,98.00000191
6201,6356,1,245.0000048
6280,6202,1,114.9999976
6340,6202,1,114.9999976
6204,6337,1,98.00000191
6205,6223,1,221.0000038
6205,6223,2,221.0000038
6207,6282,1,149.000001
6207,6313,1,221.0000038
6331,6208,1,221.0000038
6331,6208,2,221.0000038
6208,6353,1,149.000001
6309,6209,1,150
6210,6292,1,2020.000076
6211,6359,1,442.9999828
6218,6231,1,149.000001
6278,6218,1,149.000001
6219,6345,1,98.00000191
6221,6322,1,98.00000191
6222,6229,1,548.0000019
6255,6222,1,646.999979
6222,6293,1,646.999979
6222,6354,1,442.9999828
6227,6223,1,250
6227,6223,2,250
6224,6331,1,149.000001
6225,6307,1,149.000001
6227,6238,1,221.0000038
6227,6238,2,221.0000038
6227,6330,1,98.00000191
6298,6228,1,2020.000076
6277,6229,1,548.0000019
6230,6278,1,139.9999976
6232,6294,1,221.0000038
6232,6294,2,221.0000038
6325,6237,1,149.000001
6237,8102,1,98.00000191
6238,6345,1,98.00000191
6239,7414,1,2000
6240,6287,1,646.999979
6240,6321,1,442.9999828
6253,6329,1,149.000001
6292,6254,1,2768.000031
6262,6319,1,98.00000191
6321,6263,1,646.999979
6263,7274,1,750
6275,6324,1,221.0000038
6275,6324,2,221.0000038
6279,6299,1,548.0000019
6328,6286,1,98.00000191
6288,6307,1,221.0000038
6288,6307,2,221.0000038
6288,6323,1,221.0000038
6288,6323,2,221.0000038
6290,6331,1,221.0000038
6290,6331,2,221.0000038
6294,6339,1,98.00000191
6310,6312,1,221.0000038
6310,6312,2,221.0000038
6320,6312,1,250
6320,6312,2,250
6343,6315,1,442.9999828
6324,6320,1,250
8140,6326,1,98.00000191
6336,6328,1,98.00000191
6341,7202,1,149.000001
6343,6350,1,442.9999828
6343,6354,1,442.9999828
6344,6353,1,250
6344,6353,2,250
6350,6359,1,442.9999828
7044,7001,1,98.00000191
7149,7001,1,98.00000191
7001,7337,1,98.00000191
7104,7002,1,3145.999908
7002,7227,1,3145.999908
7366,7002,1,2020.000076
7003,7264,1,523.0000019
7075,7004,1,250
7075,7004,2,250
7075,7004,3,250
7004,7106,1,221.0000038
7004,7106,2,221.0000038
7004,7106,3,221.0000038
7004,7106,4,221.0000038
7004,7345,1,221.0000038
7004,7345,2,221.0000038
7004,7345,3,221.0000038
7010,7182,1,98.00000191
7010,7202,1,149.000001
7233,7010,1,149.000001
7254,7011,1,149.000001
7011,7300,1,149.000001
7012,7116,1,221.0000038
7343,7012,1,221.0000038
7013,7201,1,221.0000038
7013,7201,2,221.0000038
7013,7425,1,221.0000038
7014,7100,1,221.0000038
7014,7100,2,221.0000038
7014,7124,1,98.00000191
7014,7217,1,221.0000038
7016,7365,1,221.0000038
7016,7365,2,221.0000038
7016,7365,3,221.0000038
7016,7365,4,221.0000038
7368,7016,1,221.0000038
7368,7016,2,221.0000038
7368,7016,3,221.0000038
7016,7402,1,221.0000038
7016,7402,2,221.0000038
7089,7017,1,221.0000038
7017,7183,1,221.0000038
7017,7229,1,221.0000038
7017,7229,2,221.0000038
7017,7229,3,221.0000038
7017,7241,1,149.000001
7017,7385,1,221.0000038
7017,7385,2,221.0000038
7042,7018,1,2020.000076
7018,7414,1,2295.000076
7043,7019,1,442.9999828
7019,7274,1,442.9999828
7026,7072,1,221.0000038
7026,7072,2,221.0000038
7026,7259,1,221.0000038
7273,7026,1,221.0000038
7273,7026,2,221.0000038
7027,7157,1,221.0000038
7027,7157,2,221.0000038
7027,7234,1,149.000001
7027,7245,1,149.000001
7027,7431,1,149.000001
7147,7028,1,300
7147,7028,2,300
7028,7220,1,221.0000038
7028,7240,1,221.0000038
7028,7330,1,221.0000038
7274,7029,1,442.9999828
7029,7407,1,442.9999828
7415,7029,1,442.9999828
7040,7035,1,523.0000019
7056,7035,1,442.9999828
7035,7390,1,548.0000019
7035,8031,1,548.0000019
7036,7128,1,149.000001
7431,7036,1,221.0000038
7431,7036,2,221.0000038
7047,7037,1,2020.000076
7037,7428,1,2768.000031
7126,7038,1,750
7126,7038,2,750
7038,7184,1,646.999979
7409,7038,1,750
7409,7038,2,750
7039,7101,1,221.0000038
7039,7101,2,221.0000038
7039,7101,3,221.0000038
7039,7397,1,240.0000095
7040,7077,1,750
7040,7077,2,750
7041,7238,1,149.000001
7394,7041,1,221.0000038
7394,7041,2,221.0000038
7058,7042,1,2295.000076
7044,7416,1,98.00000191
7199,7047,1,2020.000076
7228,7048,1,548.0000019
7342,7048,1,548.0000019
7049,7089,1,221.0000038
7315,7049,1,221.0000038
7315,7049,2,221.0000038
7315,7049,3,221.0000038
7050,7090,1,221.0000038
7050,7090,2,221.0000038
7050,7251,1,149.000001
7051,7086,1,149.000001
7051,7181,1,98.00000191
7276,7051,1,221.0000038
7051,7365,1,221.0000038
7051,7365,2,221.0000038
7052,7053,1,221.0000038
7052,7053,2,221.0000038
7052,7053,3,221.0000038
7052,7183,1,221.0000038
7052,7221,1,149.000001
7256,7052,1,221.0000038
7256,7052,2,221.0000038
7053,7348,1,250
7053,7348,2,250
7053,7348,3,250
7054,7086,1,98.00000191
7243,7054,1,221.0000038
7054,7387,1,98.00000191
7055,7124,1,221.0000038
7055,7124,2,221.0000038
7188,7055,1,221.0000038
7188,7055,2,221.0000038
7188,7055,3,221.0000038
7188,7055,4,221.0000038
7250,7055,1,250
7250,7055,2,250
7056,7156,1,442.9999828
7056,7160,1,750
7056,7420,1,442.9999828
7215,7057,1,221.0000038
7215,7057,2,221.0000038
7058,7095,1,2295.000076
7406,7058,1,2020.000076
7059,7407,1,442.9999828
7129,7060,1,149.000001
7067,7245,1,98.00000191
7067,7291,1,98.00000191
7067,7344,1,98.00000191
7305,7068,1,548.0000019
7069,7413,1,149.000001
7070,7100,1,221.0000038
7070,7257,1,98.00000191
7070,7317,1,221.0000038
7070,7398,1,149.000001
7123,7071,1,221.0000038
7408,7071,1,221.0000038
7072,7084,1,221.0000038
7072,7084,2,221.0000038
7171,7073,1,442.9999828
7205,7073,1,548.0000019
7405,7074,1,149.000001
7075,7387,1,221.0000038
7075,7387,2,221.0000038
7075,7398,1,221.0000038
7075,7398,2,221.0000038
7204,7076,1,2020.000076
7076,7422,1,2020.000076
7077,7282,1,523.0000019
7206,7078,1,149.000001
7078,7279,1,221.0000038
7078,7279,2,221.0000038
7083,7105,1,548.0000019
7083,7171,1,548.0000019
7083,7184,1,442.9999828
7083,7264,1,646.999979
7423,7083,1,442.9999828
7085,7244,1,221.0000038
7085,7244,2,221.0000038
7412,7085,1,221.0000038
7412,7085,2,221.0000038
7086,7222,1,149.000001
7086,7419,1,221.0000038
7086,7419,2,221.0000038
7087,7127,1,250
7087,7127,2,250
7087,7127,3,250
7087,7127,4,250
7087,7127,5,250
7087,7127,6,250
7087,7127,7,250
7087,7127,8,250
7087,7127,9,250
7087,7221,1,250
7087,7221,2,250
7087,7221,3,250
7087,7336,1,250
7087,7336,2,250
7087,7336,3,250
7087,7336,4,250
7087,7336,5,250
7088,7116,1,149.000001
7088,7147,1,149.000001
7237,7088,1,149.000001
7089,7388,1,149.000001
7089,7427,1,221.0000038
7090,7421,1,221.0000038
7090,7421,2,221.0000038
7091,7226,1,221.0000038
7091,7259,1,221.0000038
7091,7259,2,221.0000038
7091,7418,1,98.00000191
7092,7216,1,98.00000191
7092,7250,1,149.000001
7092,7258,1,149.000001
7092,7330,1,149.000001
7092,7384,1,98.00000191
7221,7093,1,221.0000038
7221,7093,2,221.0000038
7093,7225,1,149.000001
7241,7093,1,98.00000191
7093,7258,1,98.00000191
7094,7276,1,221.0000038
7094,7388,1,98.00000191
7304,7095,1,2020.000076
7261,7096,1,523.0000019
7097,7153,1,221.0000038
7100,7103,1,221.0000038
7100,7103,2,221.0000038
7100,7144,1,221.0000038
7100,7144,2,221.0000038
7100,7144,3,221.0000038
7100,7144,4,221.0000038
7100,7222,1,221.0000038
7100,7222,2,221.0000038
7101,7183,1,221.0000038
7101,7386,1,149.000001
7102,7177,1,221.0000038
7102,7177,2,221.0000038
7290,7102,1,149.000001
7103,7255,1,149.000001
7103,7381,1,250
7130,7104,1,2768.000031
7105,7187,1,548.0000019
7105,7205,1,548.0000019
7105,7332,1,548.0000019
7116,7340,1,149.000001
7116,7364,1,98.00000191
7242,7117,1,221.0000038
7242,7117,2,221.0000038
7117,7292,1,250
7117,7292,2,250
7117,7395,1,221.0000038
7117,7395,2,221.0000038
7177,7118,1,221.0000038
7177,7118,2,221.0000038
7118,7404,1,221.0000038
7144,7119,1,221.0000038
7144,7119,2,221.0000038
7119,7259,1,98.00000191
7119,7318,1,149.000001
7120,7248,1,98.00000191
7120,7396,1,221.0000038
7120,7396,2,221.0000038
7427,7120,1,221.0000038
7427,7120,2,221.0000038
7123,7153,1,221.0000038
7124,7180,1,98.00000191
7125,7331,1,2020.000076
7346,7125,1,4352.000046
7126,7305,1,442.9999828
7126,7332,1,442.9999828
7126,7423,1,442.9999828
7391,7128,1,221.0000038
7277,7129,1,98.00000191
7303,7129,1,98.00000191
7263,7130,1,2020.000076
7131,7160,1,548.0000019
7131,7278,1,442.9999828
7131,7401,1,442.9999828
7132,7283,1,221.0000038
7419,7132,1,221.0000038
7419,7132,2,221.0000038
7419,7132,3,221.0000038
7143,7173,1,98.00000191
7234,7143,1,98.00000191
7143,7238,1,149.000001
7300,7143,1,245.0000048
7144,7272,1,221.0000038
7144,7272,2,221.0000038
7333,7144,1,221.0000038
7333,7144,2,221.0000038
7333,7144,3,221.0000038
7333,7144,4,221.0000038
7333,7144,5,221.0000038
7333,7144,6,221.0000038
7145,7234,1,98.00000191
7145,7243,1,221.0000038
7381,7145,1,221.0000038
7145,7404,1,221.0000038
7336,7147,1,221.0000038
7336,7147,2,221.0000038
7336,7147,3,221.0000038
7336,7147,4,221.0000038
7386,7147,1,221.0000038
7386,7147,2,221.0000038
7178,7148,1,221.0000038
7178,7148,2,221.0000038
7148,7245,1,98.00000191
7148,7298,1,149.000001
7148,7365,1,221.0000038
7148,7365,2,221.0000038
7149,7408,1,98.00000191
7150,7390,1,750
7150,7390,2,750
7150,7420,1,442.9999828
8004,7150,1,646.999979
7151,7254,1,221.0000038
7330,7152,1,221.0000038
7330,7152,2,221.0000038
7152,7399,1,221.0000038
7152,7399,2,221.0000038
7154,7157,1,221.0000038
7154,7157,2,221.0000038
7300,7154,1,221.0000038
7154,7411,1,98.00000191
7155,7258,1,98.00000191
7155,7316,1,149.000001
7176,7156,1,750
7156,7367,1,750
7156,7367,2,750
7157,7295,1,221.0000038
7157,7295,2,221.0000038
7173,7158,1,149.000001
7158,7291,1,149.000001
7158,7394,1,221.0000038
7158,7394,2,221.0000038
7159,7175,1,3145.999908
7199,7159,1,2020.000076
7159,7227,1,3145.999908
7187,7160,1,548.0000019
7161,7292,2,300
7161,7292,3,300
7161,7292,4,300
7171,7252,1,442.9999828
7232,7172,1,221.0000038
7232,7172,2,221.0000038
7173,7387,1,98.00000191
7174,7231,1,221.0000038
7174,7231,2,221.0000038
7174,7257,1,98.00000191
7301,7174,1,221.0000038
7175,7389,1,2020.000076
7176,7200,1,442.9999828
7176,7409,1,442.9999828
7319,7177,1,221.0000038
7319,7177,2,221.0000038
7295,7178,1,149.000001
7178,7404,1,98.00000191
7179,7244,1,149.000001
7179,7257,1,149.000001
7179,7336,1,149.000001
7216,7180,1,98.00000191
7180,7298,1,221.0000038
7180,7298,2,221.0000038
7388,7180,1,221.0000038
7388,7180,2,221.0000038
7180,7399,1,250
7180,7399,2,250
7242,7181,1,221.0000038
7385,7181,1,98.00000191
7182,7237,1,98.00000191
7183,7417,1,250
7347,7184,1,750
7347,7184,2,750
7347,7184,3,750
7383,7185,1,221.0000038
7383,7185,2,221.0000038
7186,7341,1,2768.000031
7346,7186,1,2768.000031
7187,7401,1,646.999979
7188,7255,1,300
7188,7255,2,250
7188,7255,3,300
7188,7255,4,300
7188,7255,5,300
7188,7255,6,300
7188,7255,7,300
7188,7255,8,300
7198,7201,1,221.0000038
7198,7201,2,221.0000038
7198,7225,1,221.0000038
7199,7331,1,3145.999908
7420,7200,1,548.0000019
7203,7247,1,98.00000191
7203,7313,1,150
7393,7203,1,98.00000191
7426,7203,1,221.0000038
7263,7204,1,2020.000076
7204,7428,1,2020.000076
7282,7205,1,750
7206,7294,1,100
7213,7273,1,98.00000191
7293,7213,1,149.000001
7213,7363,1,98.00000191
7214,7257,1,149.000001
7214,7297,1,149.000001
7345,7214,1,221.0000038
7345,7214,2,221.0000038
7411,7215,1,221.0000038
7215,7431,1,149.000001
7216,7382,1,149.000001
7216,7386,1,98.00000191
7249,7217,1,98.00000191
7217,7276,1,150
7421,7218,1,149.000001
7218,8009,1,98.00000191
7230,7219,1,149.000001
7219,7237,1,149.000001
7413,7219,1,221.0000038
7413,7219,2,221.0000038
7221,7220,1,221.0000038
7221,7220,2,221.0000038
7220,7396,1,221.0000038
7221,7296,1,250
7222,7338,1,98.00000191
7222,7362,1,149.000001
7292,7223,1,221.0000038
7292,7223,2,221.0000038
7223,7404,1,221.0000038
7223,7425,1,221.0000038
7224,7248,1,98.00000191
7384,7224,1,98.00000191
7224,7417,1,98.00000191
7246,7225,1,149.000001
7225,7395,1,98.00000191
7226,7240,1,149.000001
7226,7250,1,98.00000191
7226,7272,1,149.000001
7226,7338,1,98.00000191
7227,7422,1,2768.000031
7409,7228,1,442.9999828
7397,7230,1,149.000001
7265,7231,1,221.0000038
7265,7231,2,221.0000038
7265,7231,3,221.0000038
7265,7231,4,221.0000038
7231,7403,1,221.0000038
7231,7403,2,221.0000038
7273,7232,1,221.0000038
7233,7251,1,98.00000191
7251,7235,1,149.000001
7235,7315,1,221.0000038
7235,7315,2,221.0000038
7236,7245,1,221.0000038
7236,7292,1,221.0000038
7236,7411,1,149.000001
7237,7247,1,149.000001
7238,7392,1,221.0000038
7294,7239,1,98.00000191
7239,7392,1,98.00000191
7241,7362,1,98.00000191
7242,7295,1,98.00000191
7242,7319,1,221.0000038
7242,7319,2,221.0000038
7260,7243,1,221.0000038
7260,7243,2,221.0000038
7244,7272,1,149.000001
7246,7251,1,98.00000191
7246,7410,1,221.0000038
7246,7410,2,221.0000038
7425,7246,1,98.00000191
7339,7247,1,149.000001
7362,7248,1,149.000001
7248,7386,1,221.0000038
7248,7386,2,221.0000038
7249,7255,1,221.0000038
7249,7255,2,221.0000038
7249,7344,1,221.0000038
7249,7344,2,221.0000038
7249,7382,1,98.00000191
7250,7276,1,221.0000038
7250,7276,2,221.0000038
7312,7252,1,646.999979
7327,7252,1,442.9999828
7347,7252,1,548.0000019
7313,7253,1,149.000001
7253,7412,1,221.0000038
7253,7412,2,221.0000038
7255,7258,1,221.0000038
7255,7258,2,221.0000038
7255,7399,1,250
7255,7399,2,250
7255,7399,3,250
7255,7399,4,250
7256,7297,1,98.00000191
7257,7317,1,221.0000038
7257,7317,2,221.0000038
7259,7403,1,221.0000038
7259,7403,2,221.0000038
7368,7260,1,221.0000038
7368,7260,2,221.0000038
7368,7260,3,221.0000038
7261,7429,1,548.0000019
7262,7302,1,149.000001
7264,7332,1,523.0000019
7315,7271,1,149.000001
7271,7340,1,149.000001
7316,7272,1,98.00000191
7273,7405,1,98.00000191
7276,7395,1,221.0000038
7277,7337,1,98.00000191
7367,7278,1,442.9999828
7392,7279,1,221.0000038
7282,7332,1,442.9999828
7282,7367,1,523.0000019
7411,7290,1,98.00000191
7291,7295,1,149.000001
7424,7293,1,149.000001
7294,7405,1,98.00000191
7296,7427,1,98.00000191
7316,7297,1,149.000001
7297,7384,1,149.000001
7298,7362,1,98.00000191
7298,7395,1,149.000001
7364,7299,1,98.00000191
7413,7299,1,149.000001
7301,7318,1,149.000001
7302,7426,1,221.0000038
7303,7393,1,98.00000191
7341,7304,1,2020.000076
7305,7327,1,442.9999828
7306,7413,1,221.0000038
7306,7413,2,221.0000038
7312,7321,1,548.0000019
7312,7429,1,548.0000019
7313,7430,1,98.00000191
7340,7314,1,149.000001
7316,7383,1,221.0000038
7316,7383,2,221.0000038
7317,7424,1,221.0000038
7317,7424,2,221.0000038
7317,7424,3,221.0000038
7317,7424,4,221.0000038
7318,7382,1,149.000001
7320,7422,1,2020.000076
7322,7380,1,149.000001
7328,7339,1,149.000001
7362,7330,1,98.00000191
7400,7331,1,2768.000031
7401,7332,1,548.0000019
7336,7418,1,221.0000038
7336,7418,2,221.0000038
7345,7338,1,221.0000038
7345,7338,2,221.0000038
7342,7409,1,750
7342,7409,2,750
7344,7404,1,149.000001
7345,7382,1,221.0000038
7345,7382,2,221.0000038
7380,7363,1,149.000001
7365,7381,1,250
7366,7400,1,2295.000076
7385,7404,1,98.00000191
8030,7389,1,2020.000076
7396,7410,1,221.0000038
7396,7410,2,221.0000038
7396,7410,3,221.0000038
7403,7398,1,221.0000038
7403,7398,2,221.0000038
7399,7417,1,221.0000038
7399,7417,2,221.0000038
7401,7409,1,548.0000019
7403,7419,1,221.0000038
7403,7419,2,221.0000038
7414,7406,1,2295.000076
7409,7420,1,548.0000019
7417,7418,1,221.0000038
7417,7418,2,221.0000038
7432,8003,1,98.00000191
7432,8037,1,149.000001
7432,8141,1,221.0000038
8003,8001,1,149.000001
8010,8001,1,149.000001
8028,8002,1,98.00000191
8002,8100,1,98.00000191
8097,8004,1,442.9999828
8005,8023,1,221.0000038
8005,8023,2,221.0000038
8137,8005,1,149.000001
8006,8007,1,98.00000191
8006,8134,1,250
8007,8017,1,98.00000191
8008,8053,1,98.00000191
8081,8008,1,98.00000191
8009,8104,1,98.00000191
8086,8010,1,98.00000191
8010,8103,1,98.00000191
8045,8011,1,221.0000038
8045,8011,2,221.0000038
8072,8011,1,221.0000038
8012,8032,1,149.000001
8104,8012,1,149.000001
8026,8013,1,98.00000191
8013,8039,1,98.00000191
8013,8136,1,149.000001
8014,8037,1,149.000001
8118,8014,1,98.00000191
8111,8015,1,98.00000191
8015,8150,1,98.00000191
8016,8122,1,98.00000191
8016,8152,1,221.0000038
8017,8040,1,98.00000191
8127,8018,1,646.999979
8018,8133,1,548.0000019
8019,8052,1,149.000001
8019,8100,1,150
8019,8135,1,221.0000038
8019,8135,2,221.0000038
8020,8029,1,149.000001
8020,8040,1,149.000001
8020,8153,1,98.00000191
8020,8154,1,98.00000191
8022,8021,1,98.00000191
8021,8041,1,149.000001
8021,8119,1,149.000001
8022,8150,1,98.00000191
8023,8111,1,221.0000038
8023,8111,2,221.0000038
8025,8055,1,98.00000191
8025,8121,1,98.00000191
8025,8151,1,98.00000191
8026,8154,1,98.00000191
8100,8027,1,149.000001
8027,8134,1,221.0000038
8146,8028,1,98.00000191
8073,8029,1,149.000001
8158,8030,1,2020.000076
8143,8032,1,250
8038,8066,1,149.000001
8038,8124,1,98.00000191
8039,8081,1,98.00000191
8040,8072,1,149.000001
8109,8040,1,98.00000191
8041,8063,1,98.00000191
8111,8042,1,98.00000191
8118,8042,1,98.00000191
8043,8067,1,2768.000031
8147,8044,1,646.999979
8045,8091,1,149.000001
8045,8144,1,98.00000191
8081,8052,1,98.00000191
8053,8065,1,149.000001
8053,8153,1,98.00000191
8054,8092,1,98.00000191
8132,8054,1,98.00000191
8055,8098,1,220.0000048
8121,8055,1,98.00000191
8056,8089,1,98.00000191
8056,8138,1,98.00000191
8057,8112,1,2020.000076
8058,8068,1,548.0000019
8058,8147,1,548.0000019
8064,8059,1,149.000001
8062,8098,1,149.000001
8119,8062,1,149.000001
8101,8063,1,98.00000191
8063,8125,1,98.00000191
8144,8064,1,149.000001
8065,8149,1,221.0000038
8065,8149,2,221.0000038
8066,8093,1,149.000001
8142,8066,1,149.000001
8068,8083,1,548.0000019
8103,8069,1,149.000001
8073,8108,1,98.00000191
8136,8073,1,98.00000191
8075,8097,1,740.0000095
8119,8076,1,221.0000038
8119,8076,2,221.0000038
8155,8082,1,2768.000031
8089,8135,1,221.0000038
8089,8135,2,221.0000038
8090,8092,1,98.00000191
8151,8090,1,98.00000191
8091,8109,1,98.00000191
8106,8093,1,150
8093,8128,1,149.000001
8094,8139,1,548.0000019
8094,8159,1,548.0000019
8095,8140,1,250
8096,8110,1,98.00000191
8096,8153,1,98.00000191
8097,8113,1,800
8138,8100,1,98.00000191
8101,8137,1,98.00000191
8102,8157,1,149.000001
8105,8127,1,548.0000019
8142,8106,1,149.000001
8128,8107,1,221.0000038
8145,8107,1,250
8153,8108,1,186.0000014
8109,8123,1,98.00000191
8124,8110,1,98.00000191
8111,8125,1,221.0000038
8113,8133,1,750
8113,8133,2,750
8121,8114,1,221.0000038
8118,8151,1,98.00000191
8120,8122,1,98.00000191
8120,8140,1,170.0000048
8120,8141,1,221.0000038
8143,8120,1,221.0000038
8149,8123,1,98.00000191
8132,8144,1,149.000001
8133,8147,1,548.0000019
8154,8135,1,149.000001
8136,8145,1,149.000001
8138,8146,1,98.00000191
8152,8160,1,221.0000038
8152,8160,2,221.0000038
8156,8159,1,600
1006,1005,1,41.999999
1009,1008,1,120.000005
1004,1003,1,250
1011,1010,1,46.000001
1021,1020,1,250
1023,1022,1,250
1026,1025,1,200
1033,1032,1,170.000005
1035,1034,1,129.999995
1039,1038,1,200
1042,1041,1,145.000005
1043,1041,1,94.999999
1048,1047,1,390.00001
1049,1047,1,390.00001
1050,1047,1,124.000001
1051,1047,1,116.999996
1052,1047,1,110.000002
1053,1047,1,250
1057,1056,1,160.000002
1059,1058,1,33.000001
1060,1058,1,27.000001
1062,1061,1,28.999999
1063,1061,1,259.99999
1066,1065,1,200
1070,1069,1,220.000005
1072,1071,1,240.00001
1073,1071,1,240.00001
1074,1071,1,240.00001
1075,1071,1,240.00001
1076,1071,1,229.999995
1077,1071,1,229.999995
1078,1071,1,137
1079,1071,1,2000
1080,1071,1,136.000001
1081,1071,1,350
2003,2002,1,981.000042
2004,2002,1,634.99999
2005,2002,1,644.999981
2006,2002,1,636.000013
2012,2011,1,461.000013
2013,2011,1,411.999989
2018,2017,1,271.000004
2019,2017,1,453.999996
2022,2021,1,867.000008
2023,2021,1,319.000006
2024,2021,1,391.000009
2042,2041,1,94.999999
2055,2054,1,1094.999981
2055,2054,2,1094.999981
2056,2054,1,226.999998
2057,2054,1,1001.000023
2059,2058,1,99.000001
2062,2061,1,223.000002
2071,2070,1,249.000001
2074,2073,1,144.000006
2076,2073,1,63.999999
2075,2074,1,19
2078,2077,1,188.999999
2083,2082,1,91.000003
2084,2082,1,81.999999
2085,2082,1,98.000002
2089,2088,1,83.999997
2094,2093,1,88
2095,2093,1,163.999999
2097,2096,1,835.999966
2099,2096,1,236.999989
2100,2096,1,385.99999
2098,2097,1,146.000004
2102,2101,1,1072.000027
2103,2101,1,542.000008
2104,2101,1,542.000008
2105,2101,1,544.000006
2114,2113,1,923.999977
2115,2113,1,409.99999
2116,2113,1,401.999998
2117,2113,1,403.999996
2118,2113,1,391.000009
2119,2113,1,389.00001
2120,2113,1,392.000008
2128,2127,1,307.999992
2131,2130,1,214.00001
2132,2131,1,23.999999
3002,3001,1,171.000004
3002,3001,2,171.000004
3004,3003,1,50.999999
3017,3016,1,200
3019,3018,1,142.200005
3019,3018,2,142.200005
3020,3018,1,200
3027,3026,1,250
3028,3026,1,270.000005
3034,3033,1,125
3038,3037,1,81.999999
3039,3037,1,279.999995
3042,3041,1,240.00001
3043,3041,1,56.999999
3044,3041,1,112
3045,3041,1,550
3047,3046,1,290.00001
3048,3046,1,1500
3048,3046,2,1500
3051,3050,1,122.000003
3051,3050,2,122.000003
3054,3053,1,102.999997
3055,3053,1,329.999995
3056,3053,1,200
3057,3053,1,220.000005
3059,3058,1,250
3060,3058,1,200
3061,3058,1,154.999995
3062,3058,1,189.999998
3063,3058,1,189.999998
3065,3064,1,110.000002
3068,3067,1,200
3071,3070,1,200
3074,3073,1,114.999998
3079,3078,1,165.999997
3081,3078,1,300
3080,3079,1,89.999998
3083,3082,1,143.799996
3084,3082,1,300
3086,3085,1,76.999998
3087,3085,1,82.999998
3089,3088,1,411.000013
3092,3088,1,250
3090,3089,1,276.999998
3091,3090,1,268.000007
3095,3094,1,250
3097,3096,1,162
3097,3096,2,162
3098,3096,1,200
3105,3104,1,60.000002
3106,3104,1,200
3110,3109,1,113.999999
3112,3111,1,89.999998
3113,3111,1,89.999998
3117,3116,1,80.000001
3118,3116,1,138.999999
3120,3119,1,46.000001
3122,3121,1,250
3134,3133,1,82.999998
3135,3134,1,200
3136,3135,1,200
4005,4004,1,189.999998
4010,4009,1,130.999994
4010,4009,2,130.999994
4015,4014,1,321.000004
4015,4014,2,321.000004
4025,4024,1,259.99999
4026,4024,1,500
4026,4024,2,500
4029,4028,1,148.800004
4029,4028,2,148.800004
4030,4028,1,229.999995
4030,4028,2,229.999995
4030,4028,3,250
4040,4039,1,383.999991
4040,4039,2,383.999991
4042,4041,1,442.000008
4042,4041,2,442.000008
4042,4041,3,442.000008
4045,4044,1,120.000005
4046,4044,1,40.000001
4047,4044,1,250
4050,4049,1,129.999995
4050,4049,2,129.999995
4052,4051,1,100
4057,4056,1,500
4058,4056,1,185.000002
4059,4056,1,185.000002
4060,4056,1,185.000002
4061,4056,1,258.999991
4062,4056,1,264.00001
4063,4056,1,259.99999
4065,4064,1,100
4071,4070,1,352.999997
4071,4070,2,352.999997
4074,4073,1,397.000003
4074,4073,2,397.000003
4075,4073,1,220.000005
4076,4073,1,220.000005
4077,4073,1,220.000005
4081,4080,1,171.000004
4081,4080,2,171.000004
4082,4080,1,342.000008
4083,4080,1,342.000008
4084,4080,1,338.000011
4085,4080,1,500
4090,4089,1,28
4091,4089,1,37
4092,4089,1,47.999999
4093,4089,1,40.000001
4094,4089,1,40.000001
4095,4089,1,40.000001
4096,4089,1,40.000001
4097,4089,1,40.000001
4098,4089,1,40.000001
4105,4104,1,127.999997
4105,4104,2,127.999997
4114,4113,1,386.999989
4115,4113,1,179.999995
4116,4113,1,179.999995
4132,4131,1,246.600008
4132,4131,2,246.600008
4133,4131,1,100.999999
4134,4131,1,102.999997
4135,4131,1,102.999997
4136,4131,1,104.999995
4137,4131,1,139.999998
4138,4131,1,135.000002
4141,4140,1,428.000021
4142,4140,1,167.999995
4147,4146,1,459.000015
4152,4151,1,77.999997
4152,4151,2,77.999997
4153,4151,1,380.999994
4159,4158,1,619.999981
4159,4158,2,619.999981
4160,4158,1,298.000002
4161,4158,1,296.000004
4162,4158,1,293.000007
4163,4158,1,74.000001
4166,4165,1,132.000005
4166,4165,2,132.000005
4177,4176,1,114.999998
4177,4176,2,114.999998
4182,4181,1,169.000006
4184,4183,1,400
4193,4192,1,438.000011
4193,4192,2,438.000011
4193,4192,3,438.000011
4196,4195,1,1232.999992
4197,4196,1,200
5016,5015,1,1206.000042
5016,5015,2,1206.000042
5019,5018,1,590.00001
5020,5018,1,557.000017
5022,5021,1,1375
5022,5021,2,1375
5023,5021,1,245.000005
5034,5033,1,1209.000015
5035,5033,1,243.000007
5036,5033,1,254.999995
5037,5033,1,985.000038
5038,5033,1,989.000034
5039,5033,1,993.999958
5040,5033,1,993.000031
5041,5033,1,1001.000023
5042,5033,1,988.000011
5046,5045,1,550
5048,5047,1,1353.999996
5050,5049,1,500
5051,5049,1,409.000015
5052,5049,1,307.999992
5056,5055,1,913.000011
5057,5055,1,1035.999966
5058,5055,1,1022.999954
5060,5059,1,150.999999
5061,5060,1,200
5062,5061,1,100
5064,5063,1,1277.000046
5064,5063,2,1277.000046
5065,5063,1,290.00001
5066,5063,1,213.000011
5067,5063,1,1077.999973
5068,5063,1,1072.999954
5069,5063,1,1078.999996
5077,5076,1,259.99999
5084,5083,1,1294.999981
5089,5088,1,150
5103,5102,1,1344.999981
5103,5102,2,1344.999981
5106,5105,1,81.999999
5107,5105,1,75
5121,5120,1,298.000002
5124,5123,1,214.00001
5132,5131,1,981.000042
5138,5137,1,944.999981
5165,5164,1,1378.999996
5166,5164,1,578.999996
5167,5164,1,215.00001
5170,5169,1,222.000003
5180,5179,1,946.000004
5193,5192,1,889.999962
5197,5196,1,304.999995
5198,5196,1,594.000006
5205,5204,1,1134.000015
5206,5204,1,902.999973
5207,5204,1,914.999962
5208,5204,1,913.000011
5237,5236,1,286.999989
5238,5236,1,826.000023
5240,5239,1,476.999998
5243,5239,1,584.000015
5241,5240,1,203.999996
5242,5241,1,23.999999
5261,5260,1,375
5262,5260,1,1450
5263,5260,1,1450
5280,5279,1,1111.999989
5281,5279,1,942.000008
5282,5279,1,939.999962
5283,5279,1,935.000038
5296,5295,1,1232.999992
5297,5295,1,223.000002
5298,5295,1,525
5299,5295,1,523.999977
5300,5295,1,519.000006
5301,5295,1,403.000021
5302,5295,1,1122.999954
5303,5295,1,1117.000008
5305,5304,1,1239.000034
5318,5317,1,1106.000042
5319,5317,1,925
5320,5317,1,917.000008
5321,5317,1,921.000004
5323,5322,1,1334.000015
5323,5322,2,1334.000015
5324,5322,1,952.000046
5325,5322,1,944.999981
5326,5322,1,952.999973
5342,5341,1,49.000001
5343,5341,1,240.00001
5351,5350,1,1257.999992
5351,5350,2,1257.999992
5359,5358,1,1056.999969
5360,5358,1,1332.999992
5362,5361,1,646.000004
5363,5361,1,281.999993
5364,5361,1,798.000002
5365,5361,1,786.999989
5366,5361,1,794.999981
5367,5361,1,809.000015
5368,5361,1,798.000002
5369,5361,1,796.000004
5381,5380,1,1056.999969
5382,5380,1,786.000013
5383,5380,1,786.999989
5385,5384,1,1346.000004
5385,5384,2,1346.000004
5389,5388,1,1064.000034
5391,5390,1,64.999998
5392,5391,1,50
5395,5394,1,1163.000011
5399,5394,1,644.999981
5396,5395,1,320.000005
5397,5396,1,167.999995
5398,5397,1,20.999999
5402,5401,1,1173.999977
5403,5401,1,426.000023
5404,5401,1,434.99999
5405,5401,1,440.00001
5406,5401,1,432.999992
5411,5410,1,1040.999985
5414,5413,1,315.00001
5415,5413,1,561.000013
5416,5413,1,559.000015
5417,5413,1,573.999977
5418,5413,1,551.000023
5419,5413,1,561.000013
5423,5422,1,94
5424,5422,1,76.999998
5445,5444,1,1265.999985
5449,5448,1,1267.000008
5452,5451,1,960.000038
5459,5458,1,80.000001
5460,5459,1,34.999999
5465,5464,1,1284.000015
5480,5479,1,960.999966
6004,6003,1,1117.000008
6006,6003,1,788.000011
6007,6003,1,1068.999958
6008,6003,1,753.999996
6009,6003,1,757.999992
6010,6003,1,757.999992
6005,6004,1,200
6005,6004,2,200
6022,6021,1,947.999954
6023,6022,1,438.000011
6031,6030,1,124.000001
6034,6033,1,1057.999992
6035,6034,1,540.00001
6035,6034,2,540.00001
6037,6036,1,467.000008
6037,6036,2,467.000008
6037,6036,3,467.000008
6039,6038,1,1268.999958
6041,6038,1,296.000004
6042,6038,1,478.999996
6040,6039,1,271.799994
6040,6039,2,271.799994
6046,6045,1,1197.999954
6048,6045,1,232.999992
6049,6045,1,282.999992
6050,6045,1,255.999994
6051,6045,1,350.999999
6052,6045,1,342.000008
6053,6045,1,351.999998
6054,6045,1,338.000011
6047,6046,1,320.000005
6047,6046,2,320.000005
6057,6056,1,1171.000004
6058,6057,1,327.999997
6058,6057,2,327.999997
6063,6062,1,1206.000042
6064,6063,1,200
6067,6066,1,1114.999962
6069,6066,1,667.000008
6070,6066,1,676.999998
6071,6066,1,669.999981
6072,6066,1,678.999996
6073,6066,1,663.999987
6074,6066,1,665.999985
6068,6067,1,300
6068,6067,2,300
6076,6075,1,1057.999992
6078,6075,1,1159.000015
6079,6075,1,1164.999962
6080,6075,1,1152.000046
6077,6076,1,176.400006
6082,6081,1,80.000001
6083,6081,1,80.000001
6085,6084,1,31
6086,6084,1,41
6087,6084,1,43.000001
6088,6084,1,25
6089,6084,1,25
6090,6084,1,46.000001
6102,6101,1,1306.999969
6104,6101,1,377.999997
6105,6101,1,368.000007
6106,6101,1,559.99999
6103,6102,1,438.999987
6108,6107,1,379.999995
6110,6107,1,1181.000042
6111,6107,1,1207.999992
6109,6108,1,137
6119,6118,1,1132.999992
6120,6119,1,350
6120,6119,2,350
6142,6141,1,1326.000023
6142,6141,2,1326.000023
6144,6141,1,265.00001
6145,6141,1,1093.000031
6146,6141,1,1089.999962
6147,6141,1,1331.999969
6148,6141,1,1247.999954
6149,6141,1,1255.000019
6143,6142,1,442.999983
6143,6142,2,442.999983
6143,6142,3,442.999983
6153,6152,1,154.999995
6162,6161,1,1131.999969
6164,6161,1,880.000019
6165,6161,1,878.999996
6166,6161,1,880.000019
6167,6161,1,882.999992
6163,6162,1,184.200001
6170,6169,1,1107.999992
6171,6170,1,297.000003
6173,6172,1,137
6178,6177,1,172.800004
6178,6177,2,172.800004
6189,6188,1,177.999997
6193,6192,1,125
6198,6197,1,1372.000027
6199,6198,1,419.999981
6199,6198,2,419.999981
6199,6198,3,419.999981
6211,6210,1,977.999973
6213,6210,1,363.000011
6214,6210,1,717.999983
6215,6210,1,721.000004
6216,6210,1,709.99999
6212,6211,1,380.999994
6223,6222,1,457.000017
6223,6222,2,457.000017
6223,6222,3,457.000017
6229,6228,1,1207.999992
6230,6229,1,350
6230,6229,2,350
6235,6234,1,1189.999962
6236,6235,1,405.999994
6236,6235,2,405.999994
6240,6239,1,1193.999958
6242,6239,1,379.999995
6243,6239,1,690.00001
6244,6239,1,956.999969
6245,6239,1,964.999962
6246,6239,1,967.000008
6247,6239,1,694.000006
6248,6239,1,688.999987
6249,6239,1,684.99999
6241,6240,1,300
6241,6240,2,300
6255,6254,1,1350
6257,6254,1,726.000023
6258,6254,1,730.999994
6259,6254,1,332.999992
6260,6254,1,914.000034
6256,6255,1,300
6256,6255,2,300
6264,6263,1,120.000005
6266,6265,1,28.999999
6267,6265,1,34.999999
6268,6265,1,30.000001
6269,6265,1,31.999999
6270,6265,1,47
6271,6265,1,41.999999
6272,6265,1,34.999999
6273,6265,1,31.999999
6274,6265,1,38.999999
6278,6277,1,330.999994
6280,6279,1,163.199997
6286,6285,1,310.99999
6288,6287,1,300
6288,6287,2,300
6293,6292,1,1210.000038
6295,6292,1,755.999994
6296,6292,1,761.999989
6297,6292,1,765.00001
6294,6293,1,217.799997
6299,6298,1,993.999958
6301,6298,1,225
6302,6298,1,897.000027
6303,6298,1,886.999989
6304,6298,1,896.000004
6305,6298,1,903.999996
6300,6299,1,180.999994
6309,6308,1,122.399998
6316,6315,1,250.999999
6317,6316,1,188.999999
6318,6317,1,198.000002
6319,6318,1,163
6322,6321,1,249.000001
6334,6333,1,1093.999958
6335,6334,1,271.799994
6343,6342,1,1136.999989
6344,6343,1,400
6344,6343,2,400
6350,6349,1,1150
6351,6350,1,155.400002
6351,6350,2,155.400002
6355,6354,1,193.799996
6355,6354,2,193.799996
6360,6359,1,136.000001
7003,7002,1,1298.999977
7005,7002,1,630.000019
7006,7002,1,626.000023
7007,7002,1,638.999987
7008,7002,1,628.999996
7009,7002,1,625
7004,7003,1,385.99999
7004,7003,2,385.99999
7004,7003,3,385.99999
7015,7014,1,43.000001
7019,7018,1,382.999992
7021,7018,1,310.99999
7022,7018,1,327.999997
7023,7018,1,325.999999
7024,7018,1,455.999994
7025,7018,1,223.000002
7020,7019,1,244.000006
7030,7029,1,126.600003
7031,7029,1,107.000005
7032,7029,1,73.000002
7033,7029,1,83.999997
7034,7029,1,63
7036,7035,1,368.000007
7038,7037,1,1055.000019
7039,7038,1,419.999981
7039,7038,2,419.999981
7041,7040,1,336.999989
7041,7040,2,336.999989
7043,7042,1,1047.999954
7045,7042,1,728.999996
7046,7042,1,715.999985
7044,7043,1,137.399995
7048,7047,1,1125
7049,7048,1,465.999985
7049,7048,2,465.999985
7057,7056,1,376.999998
7059,7058,1,605.000019
7061,7058,1,534.99999
7062,7058,1,530.999994
7063,7058,1,526.999998
7064,7058,1,530.000019
7065,7058,1,519.999981
7066,7058,1,542.000008
7060,7059,1,188
7069,7068,1,145.799994
7074,7073,1,185.000002
7077,7076,1,1232.999992
7079,7076,1,855.000019
7080,7076,1,856.999969
7081,7076,1,863.000011
7082,7076,1,847.000027
7078,7077,1,220.000005
7084,7083,1,354.999995
7084,7083,2,354.999995
7096,7095,1,846.000004
7098,7095,1,1600
7099,7095,1,1600
7097,7096,1,200
7105,7104,1,1311.999989
7107,7104,1,592.000008
7108,7104,1,334.99999
7109,7104,1,339.00001
7110,7104,1,730.999994
7111,7104,1,742.999983
7112,7104,1,740.00001
7113,7104,1,748.000002
7114,7104,1,751.999998
7115,7104,1,744.000006
7106,7105,1,353.999996
7106,7105,2,353.999996
7121,7120,1,41
7122,7120,1,46.000001
7126,7125,1,1357.999992
7126,7125,2,1357.999992
7127,7126,1,512.300014
7127,7126,2,512.300014
7127,7126,3,512.300014
7127,7126,4,512.300014
7131,7130,1,1372.999954
7133,7130,1,295.000005
7134,7130,1,776.000023
7135,7130,1,767.000008
7136,7130,1,767.999983
7137,7130,1,780.999994
7138,7130,1,1052.999973
7139,7130,1,356.999993
7140,7130,1,359.99999
7141,7130,1,368.000007
7142,7130,1,363.000011
7132,7131,1,446.000004
7132,7131,2,446.000004
7146,7145,1,25
7151,7150,1,151.800001
7157,7156,1,423.999977
7157,7156,2,423.999977
7157,7156,3,423.999977
7160,7159,1,1310.000038
7162,7159,1,490.999985
7163,7159,1,498.000002
7164,7159,1,498.000002
7165,7159,1,511.999989
7166,7159,1,507.000017
7167,7159,1,500
7168,7159,1,417.999983
7169,7159,1,415.999985
7170,7159,1,1042.000008
7161,7160,1,417.999983
7161,7160,2,417.999983
7161,7160,3,417.999983
7161,7292,1,221.099997
7172,7171,1,351.999998
7176,7175,1,1292.000008
7176,7175,2,1292.000008
7177,7176,1,438.999987
7177,7176,2,438.999987
7177,7176,3,438.999987
7185,7184,1,200
7185,7184,2,200
7185,7184,3,200
7187,7186,1,1600
7187,7186,2,1600
7189,7186,1,264.00001
7190,7186,1,336.999989
7191,7186,1,257.999992
7192,7186,1,311.999989
7193,7186,1,255.999994
7194,7186,1,860.999966
7195,7186,1,863.000011
7196,7186,1,865.999985
7197,7186,1,867.000008
7188,7187,1,600
7188,7187,2,600
7188,7187,3,600
7188,7187,4,600
7200,7199,1,1343.999958
7201,7200,1,213.599992
7201,7200,2,213.599992
7201,7200,3,213.599992
7205,7204,1,1323.999977
7207,7204,1,243.000007
7208,7204,1,1264.999962
7209,7204,1,1260.000038
7210,7204,1,663.999987
7211,7204,1,655.999994
7212,7204,1,669.000006
7206,7205,1,180.999994
7228,7227,1,1259.000015
7229,7228,1,467.000008
7229,7228,2,467.000008
7229,7228,3,467.000008
7253,7252,1,198.000002
7262,7261,1,304.999995
7264,7263,1,1361.999989
7264,7263,2,1361.999989
7266,7263,1,982.999992
7267,7263,1,442.999983
7268,7263,1,438.000011
7269,7263,1,440.00001
7270,7263,1,701.000023
7265,7264,1,461.000013
7265,7264,2,461.000013
7275,7274,1,142.999995
7279,7278,1,172.000003
7280,7278,1,87
7281,7278,1,91.000003
7283,7282,1,145.000005
7284,7282,1,69.999999
7285,7282,1,93.000001
7286,7282,1,93.000001
7287,7282,1,91.000003
7288,7282,1,93.000001
7289,7282,1,124.000001
7305,7304,1,1160.000038
7307,7304,1,473.000002
7308,7304,1,459.000015
7309,7304,1,453.999996
7310,7304,1,463.999987
7311,7304,1,728.999996
7306,7305,1,304.999995
7313,7312,1,167.999995
7321,7320,1,1000
7323,7320,1,584.000015
7324,7320,1,576.999998
7325,7320,1,580.999994
7326,7320,1,567.999983
7322,7321,1,128.400004
7328,7327,1,172.000003
7329,7327,1,189.999998
7332,7331,1,1122.000027
7334,7331,1,244.000006
7335,7331,1,1106.000042
7333,7332,1,280.800009
7333,7332,2,280.800009
7333,7332,3,280.800009
7342,7341,1,1310.999966
7343,7342,1,189.999998
7343,7342,2,189.999998
7347,7346,1,1271.000004
7347,7346,2,1271.000004
7349,7346,1,1018.999958
7350,7346,1,1021.000004
7351,7346,1,1018.000031
7352,7346,1,1025
7353,7346,1,1225
7354,7346,1,1222.000027
7355,7346,1,1218.000031
7356,7346,1,1218.999958
7357,7346,1,286.999989
7358,7346,1,835.000038
7359,7346,1,846.000004
7360,7346,1,844.999981
7361,7346,1,471.000004
7348,7347,1,407.000017
7348,7347,2,407.000017
7367,7366,1,1248.999977
7367,7366,2,1248.999977
7369,7366,1,494.000006
7370,7366,1,480.000019
7371,7366,1,469.000006
7372,7366,1,484.99999
7373,7366,1,490.999985
7374,7366,1,486.999989
7375,7366,1,711.999989
7376,7366,1,713.000011
7377,7366,1,705.000019
7378,7366,1,694.000006
7379,7366,1,700
7368,7367,1,392.000008
7368,7367,2,392.000008
7368,7367,3,392.000008
7390,7389,1,1277.999973
7391,7390,1,127.199996
7401,7400,1,1297.000027
7402,7401,1,423.000002
7407,7406,1,1026.000023
7408,7407,1,143.799996
7410,7409,1,248.399997
7410,7409,2,248.399997
7410,7409,3,248.399997
7415,7414,1,239.00001
7416,7415,1,109.000003
7421,7420,1,161.399996
7421,7420,2,161.399996
7423,7422,1,1350
7424,7423,1,213.000011
7424,7423,2,213.000011
7424,7423,3,213.000011
7429,7428,1,927.000046
7430,7429,1,133.800006
8005,8004,1,459.000015
8005,8004,2,459.000015
8019,8018,1,359.99999
8019,8018,2,359.99999
8024,8023,1,47
8031,8030,1,1035.999966
8033,8030,1,826.000023
8034,8030,1,818.000031
8035,8030,1,830.000019
8036,8030,1,819.999981
8032,8031,1,400
8044,8043,1,1072.000027
8046,8043,1,605.999994
8047,8043,1,613.000011
8048,8043,1,598.000002
8049,8043,1,607.999992
8050,8043,1,617.999983
8051,8043,1,607.999992
8045,8044,1,388.000011
8058,8057,1,490.999985
8060,8057,1,1156.999969
8061,8057,1,1152.000046
8059,8058,1,143.799996
8068,8067,1,284.99999
8070,8067,1,1325
8071,8067,1,1314.000034
8069,8068,1,142.999995
8075,8074,1,550
8075,8074,2,550
8077,8074,1,806.000042
8078,8074,1,818.000031
8079,8074,1,818.000031
8080,8074,1,814.000034
8076,8075,1,320.000005
8083,8082,1,1134.000015
8087,8082,1,1314.999962
8088,8082,1,1306.999969
8084,8083,1,184.800005
8085,8084,1,230.999994
8086,8085,1,204.999995
8095,8094,1,317.000008
8098,8097,1,116.999996
8099,8097,1,184.000003
8106,8105,1,189.999998
8113,8112,1,1289.999962
8115,8112,1,273.000002
8116,8112,1,1026.000023
8117,8112,1,1034.000015
8114,8113,1,189.999998
8127,8126,1,1175
8127,8126,2,1175
8129,8126,1,1189.999962
8130,8126,1,1192.000008
8131,8126,1,1172.999954
8128,8127,1,285.99999
8134,8133,1,300
8134,8133,2,300
8140,8139,1,365.00001
8148,8147,1,201.300001
8148,8147,2,201.300001
8149,8148,1,253.999996
8156,8155,1,500
8157,8156,1,240.00001
8159,8158,1,1203.999996
8160,8159,1,376.999998
8160,8159,2,376.999998
